strategy,seed,trucks_per_brand,comm_latency,comm_loss,manual_rate,dump_time,priority_rule,shared_crusher,outage,fallback,throughput_per_h,throughput_A_per_h,throughput_B_per_h,brand_fairness,loader_utilisation,crusher_utilisation,cycle_time_mean_s,truck_delay_mean_s,truck_delay_p95_s,truck_delay_A_s,truck_delay_B_s,crusher_wait_A_s,crusher_wait_B_s,manual_delay_mean_s,manual_crossings,interventions_per_h,severe_interventions_per_h,hard_blocks,zone_utilisation,safety_violations,messages_sent,messages_lost,grants_issued,lease_expiries,fallback_share,tag
broker,1,4,1.0,0.05,6.0,60.0,fifo,False,False,local,58.5,29.5,29.0,0.9830508474576272,1.0,0.4990972222222222,486.26271186440675,2.279746835443039,14.699999999999978,2.8016949152542385,1.762184873949581,1.0,1.0,10.871212121212121,11,1.5,0.0,0,0.17625,0,21377,1116,261,0,0.0,baseline
broker,2,4,1.0,0.05,6.0,60.0,fifo,False,False,local,60.5,30.0,30.5,0.9836065573770492,1.0,0.5035416666666667,477.0495867768595,2.37883817427386,14.3,2.266666666666668,2.4900826446281004,1.0,1.0,11.032051282051281,13,1.0,0.0,0,0.18055555555555555,0,21392,1042,264,0,0.0,baseline
broker,3,4,1.0,0.05,6.0,60.0,fifo,False,False,local,59.0,29.5,29.5,1.0,1.0,0.49506944444444445,490.85470085470087,2.0623931623931635,11.92999999999999,1.976923076923078,2.147863247863249,1.0344827586206897,1.0,12.878205128205128,13,0.0,0.0,0,0.17305555555555555,0,21063,1089,259,0,0.0,baseline
broker,4,4,1.0,0.05,6.0,60.0,fifo,False,False,local,58.5,29.5,29.0,0.9830508474576272,1.0,0.49201388888888886,493.0683760683761,2.5451063829787244,13.3,2.259322033898306,2.8333333333333344,1.0,1.0,12.833333333333332,12,1.5,0.0,0,0.18166666666666667,0,21110,1049,258,0,0.0,baseline
broker,5,4,1.0,0.05,6.0,60.0,fifo,False,False,local,59.5,30.5,29.0,0.9508196721311475,1.0,0.5029166666666667,485.8655462184874,2.24201680672269,14.100000000000001,1.6508196721311486,2.863793103448277,1.0,1.0,12.999999999999998,12,1.0,0.0,0,0.17916666666666667,0,21249,1043,262,0,0.0,baseline
broker,6,4,1.0,0.05,6.0,60.0,fifo,False,False,local,59.5,30.0,29.5,0.9833333333333333,1.0,0.5040972222222222,484.02521008403363,2.0518987341772164,14.3,1.896638655462186,2.2084745762711875,1.0,1.0,12.63095238095238,14,1.5,0.0,0,0.1748611111111111,0,21299,1072,263,0,0.0,baseline
broker,7,4,1.0,0.05,6.0,60.0,fifo,False,False,local,58.5,29.5,29.0,0.9830508474576272,1.0,0.48833333333333334,488.3613445378151,2.23813559322034,13.55,1.9627118644067807,2.5135593220338994,1.0,1.0,13.234848484848484,11,0.5,0.0,0,0.17597222222222222,0,21012,1051,258,0,0.0,baseline
broker,8,4,1.0,0.05,6.0,60.0,fifo,False,False,local,58.5,29.5,29.0,0.9830508474576272,1.0,0.4842361111111111,491.9316239316239,2.588034188034189,16.649999999999995,2.3871794871794885,2.78888888888889,1.0,1.0,15.291666666666666,8,0.5,0.0,0,0.17652777777777778,0,21178,1021,258,0,0.0,baseline
broker,9,4,1.0,0.05,6.0,60.0,fifo,False,False,local,60.5,31.5,29.0,0.9206349206349206,1.0,0.5161805555555556,476.73553719008265,2.537860082304528,14.279999999999996,2.3746031746031755,2.7136752136752147,1.0,1.0,12.083333333333332,15,2.5,0.0,0,0.18652777777777776,0,21596,1087,266,0,0.0,baseline
broker,10,4,1.0,0.05,6.0,60.0,fifo,False,False,local,59.0,30.0,29.0,0.9666666666666667,1.0,0.4895833333333333,488.15384615384613,2.3852320675105494,13.459999999999992,2.4512605042016817,2.3186440677966114,1.0,1.0,13.059523809523808,14,0.5,0.0,0,0.18041666666666667,0,21196,1063,260,0,0.0,baseline
broker,11,4,1.0,0.05,6.0,60.0,fifo,False,False,local,59.5,30.0,29.5,0.9833333333333333,1.0,0.5057638888888889,482.76666666666665,2.376470588235295,13.3,1.8666666666666678,2.894915254237289,1.0,1.1666666666666667,14.988095238095237,7,1.5,0.0,0,0.17777777777777778,0,21287,1063,262,0,0.0,baseline
broker,12,4,1.0,0.05,6.0,60.0,fifo,False,False,local,61.0,30.0,31.0,0.967741935483871,1.0,0.5140972222222222,471.77685950413223,2.0278688524590174,12.100000000000001,2.101639344262296,1.9540983606557387,1.0166666666666666,1.0,14.80128205128205,13,0.5,0.0,0,0.18055555555555555,0,21589,1051,269,0,0.0,baseline
broker,13,4,1.0,0.05,6.0,60.0,fifo,False,False,local,61.5,30.0,31.5,0.9523809523809523,1.0,0.5093749999999999,466.8861788617886,2.4352226720647785,14.239999999999998,2.266942148760332,2.596825396825398,1.0,1.0634920634920635,11.638888888888888,9,0.0,0.0,0,0.18597222222222223,0,21662,1104,270,0,0.0,baseline
broker,14,4,1.0,0.05,6.0,60.0,fifo,False,False,local,58.0,29.5,28.5,0.9661016949152542,1.0,0.49597222222222226,492.1186440677966,2.740343347639486,16.179999999999996,2.5268907563025222,2.963157894736843,1.0,1.0,12.647435897435896,13,1.0,0.0,0,0.17819444444444443,0,21165,1087,257,0,0.0,baseline
broker,15,4,1.0,0.05,6.0,60.0,fifo,False,False,local,60.5,30.0,30.5,0.9836065573770492,1.0,0.5115972222222223,480.93277310924367,2.411666666666668,14.339999999999987,2.476470588235295,2.3479338842975217,1.0,1.0,13.416666666666666,15,0.5,0.0,0,0.18416666666666667,0,21345,1076,263,0,0.0,baseline
broker,16,4,1.0,0.05,6.0,60.0,fifo,False,False,local,59.5,29.5,30.0,0.9833333333333333,1.0,0.5058333333333334,483.8487394957983,2.2121338912133903,13.3,1.6666666666666676,2.762184873949581,1.0,1.0,11.416666666666666,11,1.5,0.0,0,0.17555555555555555,0,21223,1091,261,0,0.0,baseline
broker,17,4,1.0,0.05,6.0,60.0,fifo,False,False,local,60.0,30.0,30.0,1.0,1.0,0.5005555555555555,485.66101694915255,1.8638655462184885,13.129999999999997,1.6830508474576282,2.041666666666668,1.0,1.0,13.153508771929824,19,1.5,0.0,0,0.17777777777777778,0,21180,1042,261,0,0.0,baseline
broker,18,4,1.0,0.05,6.0,60.0,fifo,False,False,local,60.5,30.0,30.5,0.9836065573770492,1.0,0.5146527777777778,480.875,1.9158333333333344,11.339999999999987,1.8630252100840348,1.9677685950413233,1.0,1.0,12.234848484848484,11,0.5,0.0,0,0.17722222222222223,0,21242,1041,263,0,0.0,baseline
broker,19,4,1.0,0.05,6.0,60.0,fifo,False,False,local,59.5,29.5,30.0,0.9833333333333333,1.0,0.4974305555555556,484.39495798319325,2.5384937238493737,14.379999999999995,2.3416666666666677,2.7369747899159673,1.0,1.0,11.702380952380953,14,1.0,0.0,0,0.1836111111111111,0,21484,1051,263,0,0.0,baseline
broker,20,4,1.0,0.05,6.0,60.0,fifo,False,False,local,60.0,30.0,30.0,1.0,1.0,0.5058333333333334,483.09166666666664,2.5510460251046037,14.120000000000001,2.972268907563026,2.133333333333334,1.0,1.0,11.916666666666666,8,0.0,0.0,0,0.1798611111111111,0,21277,1028,261,0,0.0,baseline
broker,1,4,0.0,0.05,6.0,60.0,fifo,False,False,local,58.5,29.5,29.0,0.9830508474576272,1.0,0.4988194444444444,486.26271186440675,1.6004219409282712,9.3,1.9457627118644079,1.257983193277312,1.0,1.0,10.78030303030303,11,1.0,0.0,0,0.1713888888888889,0,20828,1086,261,0,0.0,comm_latency|low|0.0
broker,2,4,0.0,0.05,6.0,60.0,fifo,False,False,local,60.5,30.0,30.5,0.9836065573770492,1.0,0.5035416666666667,477.0495867768595,1.5323651452282168,11.100000000000001,1.4916666666666678,1.5727272727272739,1.0,1.0,10.955128205128204,13,1.0,0.0,0,0.17333333333333334,0,20848,1009,264,0,0.0,comm_latency|low|0.0
broker,3,4,0.0,0.05,6.0,60.0,fifo,False,False,local,59.0,29.5,29.5,1.0,1.0,0.49506944444444445,490.85470085470087,1.429914529914531,9.3,1.489743589743591,1.3700854700854712,1.0344827586206897,1.0,13.647435897435896,13,1.0,0.0,0,0.1686111111111111,0,20580,1067,259,0,0.0,comm_latency|low|0.0
broker,4,4,0.0,0.05,6.0,60.0,fifo,False,False,local,58.5,29.5,29.0,0.9830508474576272,1.0,0.49201388888888886,493.0683760683761,1.6897872340425542,9.539999999999987,1.505084745762713,1.8760683760683772,1.0,1.0,12.166666666666666,12,1.5,0.0,0,0.17083333333333334,0,20557,1017,258,0,0.0,comm_latency|low|0.0
broker,5,4,0.0,0.05,6.0,60.0,fifo,False,False,local,59.5,30.5,29.0,0.9508196721311475,1.0,0.5027777777777778,485.8655462184874,1.4142857142857153,8.279999999999974,1.036065573770493,1.8120689655172424,1.0,1.0,12.25,12,1.0,0.0,0,0.1698611111111111,0,20709,1017,262,0,0.0,comm_latency|low|0.0
broker,6,4,0.0,0.05,6.0,60.0,fifo,False,False,local,59.5,30.0,29.5,0.9833333333333333,1.0,0.5040972222222222,484.02521008403363,1.279746835443039,8.499999999999979,1.07310924369748,1.48813559322034,1.0,1.0,12.63095238095238,14,1.0,0.0,0,0.17,0,20766,1048,263,0,0.0,comm_latency|low|0.0
broker,7,4,0.0,0.05,6.0,60.0,fifo,False,False,local,58.5,29.5,29.0,0.9830508474576272,1.0,0.4884722222222222,488.3613445378151,1.4966101694915266,9.5,1.3101694915254247,1.6830508474576282,1.0,1.0,12.78030303030303,11,0.5,0.0,0,0.16833333333333333,0,20535,1028,258,0,0.0,comm_latency|low|0.0
broker,8,4,0.0,0.05,6.0,60.0,fifo,False,False,local,58.5,29.5,29.0,0.9830508474576272,1.0,0.4842361111111111,491.9316239316239,1.8102564102564114,12.100000000000001,1.5752136752136763,2.0452991452991465,1.0,1.0,14.416666666666666,8,1.0,0.0,0,0.16972222222222222,0,20667,999,258,0,0.0,comm_latency|low|0.0
broker,9,4,0.0,0.05,6.0,60.0,fifo,False,False,local,60.5,31.5,29.0,0.9206349206349206,1.0,0.5163194444444444,476.73553719008265,1.8465020576131699,12.019999999999984,1.6761904761904773,2.029914529914531,1.0,1.0,12.216666666666667,15,2.0,0.0,0,0.18041666666666667,0,21096,1054,266,0,0.0,comm_latency|low|0.0
broker,10,4,0.0,0.05,6.0,60.0,fifo,False,False,local,59.0,30.0,29.0,0.9666666666666667,1.0,0.4896527777777777,488.15384615384613,1.5244725738396636,9.65999999999998,1.661344537815127,1.3864406779661027,1.0,1.0,11.559523809523808,14,0.5,0.0,0,0.17097222222222222,0,20618,1034,260,0,0.0,comm_latency|low|0.0
broker,11,4,0.0,0.05,6.0,60.0,fifo,False,False,local,59.5,30.0,29.5,0.9833333333333333,1.0,0.5057638888888889,482.76666666666665,1.5613445378151272,9.3,1.1416666666666677,1.98813559322034,1.0,1.1666666666666667,14.416666666666666,7,1.0,0.0,0,0.16958333333333334,0,20748,1035,262,0,0.0,comm_latency|low|0.0
broker,12,4,0.0,0.05,6.0,60.0,fifo,False,False,local,61.0,30.0,31.0,0.967741935483871,1.0,0.5140972222222222,471.77685950413223,1.355737704918034,9.3,1.396721311475411,1.3147540983606567,1.0166666666666666,1.0,13.262820512820511,13,1.0,0.0,0,0.17291666666666666,0,21081,1027,269,0,0.0,comm_latency|low|0.0
broker,13,4,0.0,0.05,6.0,60.0,fifo,False,False,local,61.5,30.0,31.5,0.9523809523809523,1.0,0.509375,466.8861788617886,1.3744939271255072,8.699999999999978,1.1181818181818193,1.6206349206349218,1.0,1.0634920634920635,11.416666666666666,9,0.0,0.0,0,0.17305555555555555,0,21008,1073,270,0,0.0,comm_latency|low|0.0
broker,14,4,0.0,0.05,6.0,60.0,fifo,False,False,local,58.5,29.5,29.0,0.9830508474576272,1.0,0.49618055555555557,492.1186440677966,1.7875536480686707,10.100000000000001,1.5184873949579842,2.06842105263158,1.0,1.0,12.493589743589743,13,1.0,0.0,0,0.16972222222222222,0,20586,1055,257,0,0.0,comm_latency|low|0.0
broker,15,4,0.0,0.05,6.0,60.0,fifo,False,False,local,60.5,30.0,30.5,0.9836065573770492,1.0,0.5115972222222223,480.93277310924367,1.5616666666666676,9.399999999999967,1.80420168067227,1.3231404958677697,1.0,1.0,14.683333333333332,15,0.0,0.0,0,0.17527777777777778,0,20800,1051,263,0,0.0,comm_latency|low|0.0
broker,16,4,0.0,0.05,6.0,60.0,fifo,False,False,local,59.5,29.5,30.0,0.9833333333333333,1.0,0.5059027777777778,483.8487394957983,1.5384937238493734,11.100000000000001,1.325000000000001,1.7537815126050431,1.0,1.0,11.234848484848484,11,1.5,0.0,0,0.16902777777777778,0,20740,1065,261,0,0.0,comm_latency|low|0.0
broker,17,4,0.0,0.05,6.0,60.0,fifo,False,False,local,60.0,30.0,30.0,1.0,1.0,0.5005555555555555,485.66101694915255,1.3260504201680683,11.129999999999997,1.1830508474576282,1.4666666666666677,1.0,1.0,12.25877192982456,19,2.0,0.0,0,0.17347222222222222,0,20752,1019,261,0,0.0,comm_latency|low|0.0
broker,18,4,0.0,0.05,6.0,60.0,fifo,False,False,local,60.5,30.0,30.5,0.9836065573770492,1.0,0.5145138888888889,480.875,1.241078838174275,8.100000000000001,1.0583333333333345,1.4223140495867779,1.0,1.0,11.962121212121211,11,0.5,0.0,0,0.16916666666666666,0,20728,1014,263,0,0.0,comm_latency|low|0.0
broker,19,4,0.0,0.05,6.0,60.0,fifo,False,False,local,59.5,29.5,30.0,0.9833333333333333,1.0,0.4974305555555556,484.39495798319325,1.894142259414227,13.3,1.7833333333333343,2.0058823529411773,1.0,1.0,11.273809523809524,14,1.0,0.0,0,0.17791666666666667,0,20969,1030,263,0,0.0,comm_latency|low|0.0
broker,20,4,0.0,0.05,6.0,60.0,fifo,False,False,local,60.0,30.0,30.0,1.0,1.0,0.5058333333333334,483.09166666666664,1.680753138075315,11.3,1.7201680672268918,1.6416666666666677,1.0,1.0,11.541666666666666,8,0.0,0.0,0,0.17125,0,20709,998,261,0,0.0,comm_latency|low|0.0
broker,1,4,3.0,0.05,6.0,60.0,fifo,False,False,local,58.5,29.5,29.0,0.9830508474576272,1.0,0.49819444444444444,486.26271186440675,3.629957805907174,17.3,4.022033898305086,3.241176470588236,1.0,1.0,11.416666666666666,11,0.5,0.0,0,0.18638888888888888,0,22406,1168,261,0,0.0001388888888888889,comm_latency|high|3.0
broker,2,4,3.0,0.05,6.0,60.0,fifo,False,False,local,60.5,30.0,30.5,0.9836065573770492,1.0,0.5035416666666667,477.0495867768595,4.793775933609959,19.3,4.708333333333334,4.878512396694216,1.0,1.0,12.493589743589743,13,1.0,0.0,0,0.2026388888888889,0,22777,1117,264,0,0.0,comm_latency|high|3.0
broker,3,4,3.0,0.05,6.0,60.0,fifo,False,False,local,59.0,29.5,29.5,1.0,1.0,0.49506944444444445,490.85470085470087,4.224786324786326,20.649999999999995,4.002564102564103,4.447008547008548,1.0344827586206897,1.0,11.493589743589743,13,0.5,0.0,0,0.19291666666666665,0,22325,1145,259,0,0.0,comm_latency|high|3.0
broker,4,4,3.0,0.05,6.0,60.0,fifo,False,False,local,58.5,29.5,29.0,0.9830508474576272,1.0,0.49201388888888886,493.0683760683761,4.736595744680852,20.599999999999984,4.411864406779662,5.064102564102565,1.0,1.0,11.916666666666666,12,1.0,0.0,0,0.19666666666666666,0,22367,1113,258,0,0.0,comm_latency|high|3.0
broker,5,4,3.0,0.05,6.0,60.0,fifo,False,False,local,59.5,30.5,29.0,0.9508196721311475,1.0,0.5033333333333333,485.8655462184874,4.464705882352942,20.419999999999984,3.298360655737706,5.6913793103448285,1.0,1.0,15.999999999999998,12,0.0,0.0,0,0.19805555555555557,0,22596,1098,262,0,0.0,comm_latency|high|3.0
broker,6,4,3.0,0.05,6.0,60.0,fifo,False,False,local,59.5,30.0,29.5,0.9833333333333333,1.0,0.5040972222222222,484.02521008403363,4.013924050632912,20.3,4.0394957983193285,3.98813559322034,1.0,1.0,12.63095238095238,14,1.0,0.0,0,0.19166666666666668,0,22536,1141,262,0,0.0,comm_latency|high|3.0
broker,7,4,3.0,0.05,6.0,60.0,fifo,False,False,local,58.5,29.5,29.0,0.9830508474576272,1.0,0.48791666666666667,488.3613445378151,4.598305084745764,21.3,4.352542372881357,4.844067796610171,1.0,1.0338983050847457,13.689393939393938,11,0.0,0.0,0,0.19486111111111112,0,22360,1120,258,0,0.0,comm_latency|high|3.0
broker,8,4,3.0,0.05,6.0,60.0,fifo,False,False,local,58.0,29.0,29.0,1.0,1.0,0.4839583333333334,491.9316239316239,4.429914529914531,21.3,4.370085470085471,4.489743589743591,1.0,1.0,14.541666666666666,8,0.5,0.0,0,0.18888888888888888,0,22326,1076,258,0,0.0,comm_latency|high|3.0
broker,9,4,3.0,0.05,6.0,60.0,fifo,False,False,local,60.5,31.5,29.0,0.9206349206349206,1.0,0.5159027777777778,476.73553719008265,4.443209876543211,21.199999999999978,3.707936507936509,5.235042735042736,1.0,1.0,13.283333333333333,15,1.0,0.0,0,0.19972222222222222,0,22728,1138,266,0,0.0,comm_latency|high|3.0
broker,10,4,3.0,0.05,6.0,60.0,fifo,False,False,local,59.0,30.0,29.0,0.9666666666666667,1.0,0.4895833333333333,488.15384615384613,4.343037974683545,21.49999999999999,4.257983193277312,4.428813559322035,1.0,1.0,11.273809523809524,14,0.5,0.0,0,0.1909722222222222,0,22414,1130,260,0,0.0,comm_latency|high|3.0
broker,11,4,3.0,0.05,6.0,60.0,fifo,False,False,local,59.5,30.0,29.5,0.9833333333333333,1.0,0.5057638888888889,482.76666666666665,4.250420168067228,19.419999999999984,3.791666666666668,4.716949152542374,1.0,1.15,13.845238095238095,7,0.0,0.0,0,0.19152777777777777,0,22495,1123,262,0,0.0,comm_latency|high|3.0
broker,12,4,3.0,0.05,6.0,60.0,fifo,False,False,local,61.0,30.0,31.0,0.967741935483871,1.0,0.5140972222222222,471.77685950413223,4.048360655737706,19.3,4.159016393442624,3.937704918032788,1.0,1.0,16.49358974358974,13,0.5,0.0,0,0.1963888888888889,0,22855,1122,269,0,0.0,comm_latency|high|3.0
broker,13,4,3.0,0.05,6.0,60.0,fifo,False,False,local,61.5,30.0,31.5,0.9523809523809523,1.0,0.5092361111111111,466.8861788617886,5.014170040485831,21.24,4.308264462809919,5.692063492063493,1.0,1.0952380952380953,10.972222222222221,9,0.0,0.0,0,0.20666666666666667,0,23157,1173,270,0,0.0,comm_latency|high|3.0
broker,14,4,3.0,0.05,6.0,60.0,fifo,False,False,local,58.0,29.5,28.5,0.9661016949152542,1.0,0.4957638888888889,492.1186440677966,5.1572649572649585,22.99999999999999,5.056302521008404,5.261739130434783,1.0,1.0,12.57051282051282,13,1.5,0.0,0,0.1963888888888889,0,22491,1148,257,0,0.0,comm_latency|high|3.0
broker,15,4,3.0,0.05,6.0,60.0,fifo,False,False,local,60.5,30.0,30.5,0.9836065573770492,1.0,0.5115972222222223,480.93277310924367,4.699166666666668,21.3,4.636134453781514,4.761157024793389,1.0,1.0,13.883333333333333,15,0.0,0.0,0,0.2013888888888889,0,22658,1135,263,0,0.0,comm_latency|high|3.0
broker,16,4,3.0,0.05,6.0,60.0,fifo,False,False,local,59.5,29.5,30.0,0.9833333333333333,1.0,0.5052083333333333,483.8487394957983,4.245606694560671,19.399999999999995,4.116666666666668,4.375630252100842,1.0,1.0,11.78030303030303,11,0.5,0.0,0,0.19166666666666668,0,22491,1158,261,0,0.0,comm_latency|high|3.0
broker,17,4,3.0,0.05,6.0,60.0,fifo,False,False,local,60.0,30.0,30.0,1.0,1.0,0.5005555555555555,485.66101694915255,3.800840336134455,19.3,3.6491525423728826,3.950000000000001,1.0,1.0,11.57456140350877,19,1.0,0.0,0,0.19375,0,22421,1086,261,0,0.0,comm_latency|high|3.0
broker,18,4,3.0,0.05,6.0,60.0,fifo,False,False,local,60.5,30.0,30.5,0.9836065573770492,1.0,0.515,480.875,3.920000000000001,20.11,3.938655462184875,3.9016528925619847,1.0,1.0,11.598484848484848,11,0.5,0.0,0,0.1909722222222222,0,22502,1086,263,0,0.0,comm_latency|high|3.0
broker,19,4,3.0,0.05,6.0,60.0,fifo,False,False,local,59.5,29.5,30.0,0.9833333333333333,1.0,0.4969444444444444,484.39495798319325,4.111715481171549,19.399999999999995,3.8416666666666677,4.3840336134453795,1.0,1.0,12.13095238095238,14,0.5,0.0,0,0.19430555555555556,0,22643,1104,263,0,0.0,comm_latency|high|3.0
broker,20,4,3.0,0.05,6.0,60.0,fifo,False,False,local,60.0,30.0,30.0,1.0,1.0,0.5060416666666667,483.09166666666664,4.856485355648537,21.12,5.165546218487396,4.550000000000001,1.0,1.05,11.541666666666666,8,0.0,0.0,0,0.19583333333333333,0,22644,1104,261,0,0.0,comm_latency|high|3.0
broker,1,4,1.0,0.0,6.0,60.0,fifo,False,False,local,58.5,29.5,29.0,0.9830508474576272,1.0,0.4990972222222222,486.26271186440675,2.216455696202533,14.699999999999978,2.6830508474576282,1.7537815126050431,1.0,1.0,10.871212121212121,11,1.5,0.0,0,0.17541666666666667,0,21337,0,261,0,0.0,comm_loss|low|0.0
broker,2,4,1.0,0.0,6.0,60.0,fifo,False,False,local,60.5,30.0,30.5,0.9836065573770492,1.0,0.5035416666666667,477.0495867768595,2.246058091286308,14.3,2.0833333333333344,2.4074380165289266,1.0,1.0,11.416666666666666,13,1.0,0.0,0,0.17902777777777779,0,21323,0,264,0,0.0,comm_loss|low|0.0
broker,3,4,1.0,0.0,6.0,60.0,fifo,False,False,local,59.0,29.5,29.5,1.0,1.0,0.49506944444444445,490.85470085470087,2.015384615384616,11.92999999999999,1.9341880341880353,2.0965811965811976,1.0344827586206897,1.0,12.878205128205128,13,0.0,0.0,0,0.17277777777777778,0,21033,0,259,0,0.0,comm_loss|low|0.0
broker,4,4,1.0,0.0,6.0,60.0,fifo,False,False,local,58.5,29.5,29.0,0.9830508474576272,1.0,0.49201388888888886,493.0683760683761,2.502553191489363,13.3,2.3186440677966114,2.688034188034189,1.0,1.0,12.583333333333332,12,1.5,0.0,0,0.1811111111111111,0,21086,0,258,0,0.0,comm_loss|low|0.0
broker,5,4,1.0,0.0,6.0,60.0,fifo,False,False,local,59.5,30.5,29.0,0.9508196721311475,1.0,0.5029166666666667,485.8655462184874,2.2126050420168077,14.100000000000001,1.6262295081967224,2.8293103448275874,1.0,1.0,12.916666666666666,12,1.0,0.0,0,0.1786111111111111,0,21225,0,262,0,0.0,comm_loss|low|0.0
broker,6,4,1.0,0.0,6.0,60.0,fifo,False,False,local,59.5,30.0,29.5,0.9833333333333333,1.0,0.5040972222222222,484.02521008403363,2.018143459915613,14.3,1.8546218487394968,2.1830508474576282,1.0,1.0,12.559523809523808,14,1.0,0.0,0,0.17444444444444446,0,21268,0,263,0,0.0,comm_loss|low|0.0
broker,7,4,1.0,0.0,6.0,60.0,fifo,False,False,local,58.5,29.5,29.0,0.9830508474576272,1.0,0.48833333333333334,488.3613445378151,2.178813559322035,13.3,1.9033898305084755,2.4542372881355945,1.0,1.0,13.234848484848484,11,0.5,0.0,0,0.1761111111111111,0,20981,0,258,0,0.0,comm_loss|low|0.0
broker,8,4,1.0,0.0,6.0,60.0,fifo,False,False,local,58.5,29.5,29.0,0.9830508474576272,1.0,0.4842361111111111,491.9316239316239,2.588034188034189,16.649999999999995,2.395726495726497,2.7803418803418816,1.0,1.0,15.166666666666666,8,0.5,0.0,0,0.17666666666666667,0,21166,0,258,0,0.0,comm_loss|low|0.0
broker,9,4,1.0,0.0,6.0,60.0,fifo,False,False,local,60.5,31.5,29.0,0.9206349206349206,1.0,0.5161805555555556,476.73553719008265,2.4720164609053508,14.279999999999996,2.3031746031746043,2.653846153846155,1.0,1.0,12.35,15,2.0,0.0,0,0.18555555555555556,0,21559,0,266,0,0.0,comm_loss|low|0.0
broker,10,4,1.0,0.0,6.0,60.0,fifo,False,False,local,59.0,30.0,29.0,0.9666666666666667,1.0,0.4895833333333333,488.15384615384613,2.321940928270043,13.459999999999992,2.3924369747899172,2.2508474576271196,1.0,1.0,13.059523809523808,14,0.5,0.0,0,0.1798611111111111,0,21167,0,260,0,0.0,comm_loss|low|0.0
broker,11,4,1.0,0.0,6.0,60.0,fifo,False,False,local,59.5,30.0,29.5,0.9833333333333333,1.0,0.5057638888888889,482.76666666666665,2.342857142857144,13.3,1.850000000000001,2.8440677966101706,1.0,1.1666666666666667,15.13095238095238,7,1.5,0.0,0,0.17722222222222223,0,21265,0,262,0,0.0,comm_loss|low|0.0
broker,12,4,1.0,0.0,6.0,60.0,fifo,False,False,local,61.0,30.0,31.0,0.967741935483871,1.0,0.5140972222222222,471.77685950413223,1.9745901639344272,11.979999999999997,2.0360655737704927,1.9131147540983617,1.0166666666666666,1.0,14.878205128205128,13,0.5,0.0,0,0.17972222222222223,0,21554,0,269,0,0.0,comm_loss|low|0.0
broker,13,4,1.0,0.0,6.0,60.0,fifo,False,False,local,61.5,30.0,31.5,0.9523809523809523,1.0,0.5093749999999999,466.8861788617886,2.3866396761133615,14.239999999999998,2.233884297520662,2.5333333333333345,1.0,1.0634920634920635,11.638888888888888,9,0.0,0.0,0,0.18569444444444444,0,21632,0,270,0,0.0,comm_loss|low|0.0
broker,14,4,1.0,0.0,6.0,60.0,fifo,False,False,local,58.0,29.5,28.5,0.9661016949152542,1.0,0.49604166666666666,492.1186440677966,2.714592274678113,16.179999999999996,2.5100840336134462,2.9280701754385974,1.0,1.0,12.647435897435896,13,1.0,0.0,0,0.17805555555555555,0,21139,0,257,0,0.0,comm_loss|low|0.0
broker,15,4,1.0,0.0,6.0,60.0,fifo,False,False,local,60.5,30.0,30.5,0.9836065573770492,1.0,0.5115972222222223,480.93277310924367,2.3658333333333346,14.3,2.4596638655462195,2.2735537190082655,1.0,1.0,14.083333333333332,15,0.0,0.0,0,0.1840277777777778,0,21319,0,263,0,0.0,comm_loss|low|0.0
broker,16,4,1.0,0.0,6.0,60.0,fifo,False,False,local,59.5,29.5,30.0,0.9833333333333333,1.0,0.5058333333333334,483.8487394957983,2.2330543933054403,13.379999999999995,1.875000000000001,2.5941176470588245,1.0,1.0,11.416666666666666,11,1.5,0.0,0,0.1751388888888889,0,21205,0,261,0,0.0,comm_loss|low|0.0
broker,17,4,1.0,0.0,6.0,60.0,fifo,False,False,local,60.0,30.0,30.0,1.0,1.0,0.5005555555555555,485.66101694915255,1.834453781512606,13.129999999999997,1.6661016949152554,2.000000000000001,1.0,1.0,13.153508771929824,19,1.5,0.0,0,0.1775,0,21160,0,261,0,0.0,comm_loss|low|0.0
broker,18,4,1.0,0.0,6.0,60.0,fifo,False,False,local,60.5,30.0,30.5,0.9836065573770492,1.0,0.5146527777777778,480.875,1.8991666666666678,12.149999999999984,1.669747899159665,2.124793388429753,1.0,1.0,12.234848484848484,11,0.5,0.0,0,0.17708333333333334,0,21223,0,263,0,0.0,comm_loss|low|0.0
broker,19,4,1.0,0.0,6.0,60.0,fifo,False,False,local,59.5,29.5,30.0,0.9833333333333333,1.0,0.4974305555555556,484.39495798319325,2.5050209205020932,14.379999999999995,2.300000000000001,2.711764705882354,1.0,1.0,11.63095238095238,14,1.0,0.0,0,0.18347222222222223,0,21459,0,263,0,0.0,comm_loss|low|0.0
broker,20,4,1.0,0.0,6.0,60.0,fifo,False,False,local,60.0,30.0,30.0,1.0,1.0,0.5058333333333334,483.09166666666664,2.5092050209205032,14.120000000000001,2.6949579831932784,2.325000000000001,1.0,1.0,11.916666666666666,8,0.0,0.0,0,0.17916666666666667,0,21249,0,261,0,0.0,comm_loss|low|0.0
broker,1,4,1.0,0.2,6.0,60.0,fifo,False,False,local,58.5,29.5,29.0,0.9830508474576272,1.0,0.49840277777777775,486.26271186440675,2.448523206751056,14.3,2.8610169491525435,2.039495798319329,1.0,1.0,10.871212121212121,11,1.0,0.0,0,0.17652777777777778,0,21500,4283,261,0,0.0001388888888888889,comm_loss|high|0.2
broker,2,4,1.0,0.2,6.0,60.0,fifo,False,False,local,60.5,30.0,30.5,0.9836065573770492,1.0,0.5035416666666667,477.0495867768595,2.8228215767634866,16.3,2.633333333333334,3.0107438016528936,1.0,1.0,11.724358974358973,13,1.0,0.0,0,0.18486111111111111,0,21584,4309,264,1,0.0011111111111111111,comm_loss|high|0.2
broker,3,4,1.0,0.2,6.0,60.0,fifo,False,False,local,59.0,29.5,29.5,1.0,1.0,0.49506944444444445,490.85470085470087,2.271794871794873,13.649999999999995,1.976923076923078,2.5666666666666678,1.0344827586206897,1.0,11.108974358974358,13,1.0,0.0,0,0.17583333333333334,0,21212,4252,259,1,0.0,comm_loss|high|0.2
broker,4,4,1.0,0.2,6.0,60.0,fifo,False,False,local,58.5,29.5,29.0,0.9830508474576272,1.0,0.49201388888888886,493.0683760683761,2.63872340425532,13.599999999999984,2.4033898305084755,2.876068376068377,1.0,1.0,12.416666666666666,12,1.5,0.0,0,0.1811111111111111,0,21240,4208,258,1,0.0004166666666666667,comm_loss|high|0.2
broker,5,4,1.0,0.2,6.0,60.0,fifo,False,False,local,59.5,30.5,29.0,0.9508196721311475,1.0,0.5029166666666667,485.8655462184874,2.401680672268909,14.129999999999997,1.675409836065575,3.1655172413793116,1.0,1.0,13.249999999999998,12,1.0,0.0,0,0.18,0,21391,4275,262,1,0.0001388888888888889,comm_loss|high|0.2
broker,6,4,1.0,0.2,6.0,60.0,fifo,False,False,local,59.5,30.0,29.5,0.9833333333333333,1.0,0.5040972222222222,484.02521008403363,2.1405063291139252,14.3,2.0142857142857156,2.2677966101694924,1.0,1.0,12.63095238095238,14,1.0,0.0,0,0.17625,0,21373,4324,263,0,0.0,comm_loss|high|0.2
broker,7,4,1.0,0.2,6.0,60.0,fifo,False,False,local,58.5,29.5,29.0,0.9830508474576272,1.0,0.48833333333333334,488.3613445378151,2.5347457627118652,15.400000000000002,2.174576271186442,2.894915254237289,1.0,1.0169491525423728,13.78030303030303,11,0.5,0.0,0,0.17875,0,21190,4254,258,1,0.0004166666666666667,comm_loss|high|0.2
broker,8,4,1.0,0.2,6.0,60.0,fifo,False,False,local,58.0,29.0,29.0,1.0,1.0,0.4842361111111111,491.9316239316239,2.711965811965813,16.17,2.412820512820514,3.011111111111112,1.0,1.0,15.541666666666666,8,0.5,0.0,0,0.17680555555555555,0,21269,4226,258,0,0.0002777777777777778,comm_loss|high|0.2
broker,9,4,1.0,0.2,6.0,60.0,fifo,False,False,local,60.5,31.5,29.0,0.9206349206349206,1.0,0.5161805555555556,476.73553719008265,2.7148148148148157,14.3,2.6285714285714294,2.807692307692309,1.0,1.0,12.283333333333333,15,3.0,0.0,0,0.18833333333333332,0,21701,4394,266,0,0.0001388888888888889,comm_loss|high|0.2
broker,10,4,1.0,0.2,6.0,60.0,fifo,False,False,local,59.0,30.0,29.0,0.9666666666666667,1.0,0.4895833333333333,488.15384615384613,2.6552742616033767,14.3,2.7873949579831945,2.522033898305086,1.0,1.0,10.702380952380953,14,0.5,0.0,0,0.18097222222222223,0,21348,4280,260,0,0.0004166666666666667,comm_loss|high|0.2
broker,11,4,1.0,0.2,6.0,60.0,fifo,False,False,local,59.5,30.0,29.5,0.9833333333333333,1.0,0.5057638888888889,482.76666666666665,2.477310924369749,13.3,2.1916666666666678,2.7677966101694924,1.0,1.1666666666666667,16.559523809523807,7,1.0,0.0,0,0.1776388888888889,0,21378,4276,262,0,0.0004166666666666667,comm_loss|high|0.2
broker,12,4,1.0,0.2,6.0,60.0,fifo,False,False,local,61.0,30.0,31.0,0.967741935483871,1.0,0.5140972222222222,471.77685950413223,2.2860655737704927,13.979999999999997,2.2327868852459027,2.339344262295083,1.0,1.0,16.416666666666664,13,0.0,0.0,0,0.18138888888888888,0,21733,4311,269,0,0.0005555555555555556,comm_loss|high|0.2
broker,13,4,1.0,0.2,6.0,60.0,fifo,False,False,local,61.5,30.0,31.5,0.9523809523809523,1.0,0.5094444444444444,466.8861788617886,2.674089068825912,14.3,2.440495867768596,2.8984126984126997,1.0,1.0634920634920635,10.86111111111111,9,0.5,0.0,0,0.18791666666666668,0,21824,4412,270,0,0.0002777777777777778,comm_loss|high|0.2
broker,14,4,1.0,0.2,6.0,60.0,fifo,False,False,local,58.0,29.5,28.5,0.9661016949152542,1.0,0.4959027777777778,492.1186440677966,2.834763948497855,15.01999999999996,2.6025210084033623,3.0771929824561415,1.0,1.0,12.57051282051282,13,1.5,0.0,0,0.17930555555555555,0,21257,4207,257,0,0.0002777777777777778,comm_loss|high|0.2
broker,15,4,1.0,0.2,6.0,60.0,fifo,False,False,local,60.5,30.0,30.5,0.9836065573770492,1.0,0.5115972222222223,480.93277310924367,2.6783333333333346,14.399999999999967,2.846218487394959,2.5132231404958687,1.0,1.0,13.35,15,0.0,0.0,0,0.18694444444444444,0,21497,4258,263,0,0.0001388888888888889,comm_loss|high|0.2
broker,16,4,1.0,0.2,6.0,60.0,fifo,False,False,local,59.5,29.5,30.0,0.9833333333333333,1.0,0.505625,483.8487394957983,2.5426778242677837,14.100000000000001,2.4000000000000012,2.6865546218487406,1.0,1.0,12.234848484848484,11,1.5,0.0,0,0.17805555555555555,0,21372,4349,261,0,0.0002777777777777778,comm_loss|high|0.2
broker,17,4,1.0,0.2,6.0,60.0,fifo,False,False,local,60.0,30.0,30.0,1.0,1.0,0.5005555555555555,485.66101694915255,2.015126050420169,13.3,1.8271186440677978,2.200000000000001,1.0,1.0,13.94298245614035,19,1.0,0.0,0,0.17958333333333334,0,21279,4243,261,0,0.0002777777777777778,comm_loss|high|0.2
broker,18,4,1.0,0.2,6.0,60.0,fifo,False,False,local,60.5,30.0,30.5,0.9836065573770492,1.0,0.5146527777777778,480.875,2.149166666666668,13.109999999999998,1.9638655462184884,2.331404958677687,1.0,1.0,12.234848484848484,11,0.5,0.0,0,0.17902777777777779,0,21402,4154,263,0,0.0002777777777777778,comm_loss|high|0.2
broker,19,4,1.0,0.2,6.0,60.0,fifo,False,False,local,59.5,29.5,30.0,0.9833333333333333,1.0,0.4974305555555556,484.39495798319325,2.680753138075315,17.3,2.4833333333333343,2.87983193277311,1.0,1.0,11.702380952380953,14,1.0,0.0,0,0.18444444444444444,0,21590,4296,263,0,0.0005555555555555556,comm_loss|high|0.2
broker,20,4,1.0,0.2,6.0,60.0,fifo,False,False,local,60.0,30.0,30.0,1.0,1.0,0.5058333333333334,483.09166666666664,2.881589958158997,14.49999999999999,3.0983193277310934,2.666666666666668,1.0,1.0,11.791666666666666,8,0.0,0.0,0,0.18305555555555555,0,21454,4267,261,0,0.0001388888888888889,comm_loss|high|0.2
broker,1,3,1.0,0.05,6.0,60.0,fifo,False,False,local,56.5,28.0,28.5,0.9824561403508771,0.9582638888888889,0.4736111111111111,380.44736842105266,2.922907488986785,16.3,2.9000000000000012,2.9456140350877202,1.0,1.0,11.78030303030303,11,0.5,0.0,0,0.17597222222222222,0,20851,1087,250,0,0.0,trucks_per_brand|low|3
broker,2,3,1.0,0.05,6.0,60.0,fifo,False,False,local,57.0,28.5,28.5,1.0,0.9494444444444444,0.47444444444444445,376.5263157894737,2.9956521739130446,17.3,2.656140350877194,3.3293103448275874,1.0,1.0,13.33974358974359,13,1.5,0.0,0,0.17666666666666667,0,20932,1013,252,0,0.0,trucks_per_brand|low|3
broker,3,3,1.0,0.05,6.0,60.0,fifo,False,False,local,56.0,28.0,28.0,1.0,0.9566666666666667,0.47618055555555555,384.3063063063063,2.4137777777777787,14.099999999999984,2.2892857142857155,2.5371681415929213,1.0,1.0,12.33974358974359,13,1.0,0.0,0,0.16791666666666666,0,20606,1069,248,0,0.0,trucks_per_brand|low|3
broker,4,3,1.0,0.05,6.0,60.0,fifo,False,False,local,56.5,28.5,28.0,0.9824561403508771,0.9644444444444444,0.4738888888888889,382.83185840707966,2.0008849557522135,11.3,1.9543859649122817,2.0482142857142867,1.0,1.0,11.166666666666666,12,1.0,0.0,0,0.16722222222222222,0,20461,1013,247,0,0.0,trucks_per_brand|low|3
broker,5,3,1.0,0.05,6.0,60.0,fifo,False,False,local,56.0,28.5,27.5,0.9649122807017544,0.9522916666666668,0.4768055555555556,383.91150442477874,2.8004444444444454,16.259999999999998,2.612280701754387,2.993693693693695,1.0,1.0,12.833333333333332,12,1.5,0.0,0,0.17472222222222222,0,20714,1017,248,0,0.0,trucks_per_brand|low|3
broker,6,3,1.0,0.05,6.0,60.0,fifo,False,False,local,56.5,28.5,28.0,0.9824561403508771,0.9558333333333333,0.47833333333333333,379.6842105263158,2.4930131004366824,14.22,2.131304347826088,2.8578947368421064,1.0,1.0,14.773809523809522,14,0.0,0.0,0,0.17291666666666666,0,20810,1049,252,0,0.0,trucks_per_brand|low|3
broker,7,3,1.0,0.05,6.0,60.0,fifo,False,False,local,57.0,28.5,28.5,1.0,0.965,0.4731944444444445,379.37719298245617,1.3008810572687235,8.100000000000001,1.3754385964912292,1.2256637168141604,1.0,1.0,10.416666666666666,11,0.0,0.0,0,0.15944444444444444,0,20483,1027,250,0,0.0,trucks_per_brand|low|3
broker,8,3,1.0,0.05,6.0,60.0,fifo,False,False,local,56.5,28.5,28.0,0.9824561403508771,0.9674305555555556,0.46520833333333333,382.0973451327434,2.301769911504426,14.25,2.1035087719298255,2.5035714285714294,1.0,1.0,11.166666666666666,8,0.5,0.0,0,0.16916666666666666,0,20613,994,249,0,0.0,trucks_per_brand|low|3
broker,9,3,1.0,0.05,6.0,60.0,fifo,False,False,local,57.5,29.5,28.0,0.9491525423728814,0.9440972222222221,0.48868055555555556,379.2543859649123,2.235087719298247,11.3,1.5965517241379321,2.8964285714285722,1.0,1.0,12.816666666666666,15,0.5,0.0,0,0.17305555555555555,0,20718,1035,251,0,0.0,trucks_per_brand|low|3
broker,10,3,1.0,0.05,6.0,60.0,fifo,False,False,local,56.5,28.0,28.5,0.9824561403508771,0.9584722222222222,0.47263888888888894,382.86725663716817,2.68488888888889,16.3,2.6910714285714294,2.6787610619469038,1.0,1.0,15.70238095238095,14,0.5,0.0,0,0.17208333333333334,0,20755,1042,248,0,0.0,trucks_per_brand|low|3
broker,11,3,1.0,0.05,6.0,60.0,fifo,False,False,local,57.5,29.0,28.5,0.9827586206896551,0.949861111111111,0.47944444444444445,380.4070796460177,2.730701754385966,15.599999999999955,2.4413793103448285,3.030357142857144,1.0,1.4107142857142858,11.559523809523808,7,0.0,0.0,0,0.17180555555555554,0,20759,1035,250,0,0.0,trucks_per_brand|low|3
broker,12,3,1.0,0.05,6.0,60.0,fifo,False,False,local,57.5,29.0,28.5,0.9827586206896551,0.9361805555555556,0.48368055555555556,376.7368421052632,1.600000000000001,9.3,1.7295652173913054,1.4704347826086968,1.105263157894737,1.0,12.493589743589743,13,0.5,0.0,0,0.16583333333333333,0,20645,1006,253,0,0.0,trucks_per_brand|low|3
broker,13,3,1.0,0.05,6.0,60.0,fifo,False,False,local,59.5,29.5,30.0,0.9833333333333333,0.9450000000000001,0.4917361111111111,369.0,1.8770212765957457,12.459999999999981,1.5341880341880352,2.216949152542374,1.0,1.0677966101694916,11.972222222222221,9,0.0,0.0,0,0.1711111111111111,0,21015,1073,257,0,0.0,trucks_per_brand|low|3
broker,14,3,1.0,0.05,6.0,60.0,fifo,False,False,local,56.0,28.5,27.5,0.9649122807017544,0.959375,0.47173611111111113,384.0267857142857,2.8194690265486737,13.100000000000001,2.8140350877192994,2.825000000000001,1.0,1.0,13.647435897435896,13,1.5,0.0,0,0.175,0,20653,1059,248,0,0.0,trucks_per_brand|low|3
broker,15,3,1.0,0.05,6.0,60.0,fifo,False,False,local,57.5,28.5,29.0,0.9827586206896551,0.9579166666666667,0.49118055555555556,375.92105263157896,2.391304347826088,15.199999999999967,2.717543859649124,2.0706896551724148,1.0,1.0,12.883333333333333,15,1.0,0.0,0,0.17472222222222222,0,20703,1049,252,0,0.0,trucks_per_brand|low|3
broker,16,3,1.0,0.05,6.0,60.0,fifo,False,False,local,57.0,28.5,28.5,1.0,0.9508333333333334,0.48715277777777777,381.07964601769913,3.6513274336283197,18.05,3.3491228070175447,3.9589285714285722,1.0,1.0,11.598484848484848,11,0.0,0.0,0,0.17972222222222223,0,20945,1076,249,0,0.0,trucks_per_brand|low|3
broker,17,3,1.0,0.05,6.0,60.0,fifo,False,False,local,57.5,28.5,29.0,0.9827586206896551,0.9583333333333334,0.48270833333333335,380.280701754386,2.037444933920706,12.939999999999987,1.8646017699115054,2.2087719298245623,1.0,1.0,12.469298245614034,19,1.5,0.0,0,0.17041666666666666,0,20659,1016,251,0,0.0,trucks_per_brand|low|3
broker,18,3,1.0,0.05,6.0,60.0,fifo,False,False,local,57.5,28.5,29.0,0.9827586206896551,0.9513888888888888,0.4909027777777778,379.20175438596493,2.713157894736843,16.3,2.5947368421052643,2.8315789473684223,1.1785714285714286,1.0,12.78030303030303,11,0.0,0.0,0,0.1748611111111111,0,20765,1015,251,0,0.0,trucks_per_brand|low|3
broker,19,3,1.0,0.05,6.0,60.0,fifo,False,False,local,56.5,28.0,28.5,0.9824561403508771,0.9513194444444444,0.47215277777777775,381.3125,2.8578947368421064,16.1,3.1298245614035096,2.5859649122807027,1.0,1.0,12.20238095238095,14,2.5,0.0,0,0.17708333333333334,0,20905,1026,250,0,0.0,trucks_per_brand|low|3
broker,20,3,1.0,0.05,6.0,60.0,fifo,False,False,local,57.0,28.5,28.5,1.0,0.9550694444444444,0.48236111111111113,378.6695652173913,2.037719298245615,12.749999999999979,1.7877192982456152,2.287719298245615,1.0,1.0,13.291666666666666,8,1.0,0.0,0,0.16805555555555557,0,20561,991,250,0,0.0,trucks_per_brand|low|3
broker,1,5,1.0,0.05,6.0,60.0,fifo,False,False,local,58.5,29.5,29.0,0.9830508474576272,1.0,0.4990972222222222,607.6440677966102,2.2839662447257396,14.699999999999978,2.7847457627118657,1.7873949579831943,1.0,1.0,10.871212121212121,11,1.5,0.0,0,0.1763888888888889,0,21377,1116,261,0,0.0,trucks_per_brand|high|5
broker,2,5,1.0,0.05,6.0,60.0,fifo,False,False,local,60.5,30.0,30.5,0.9836065573770492,1.0,0.5035416666666667,596.4710743801653,2.3829875518672208,14.3,2.2750000000000012,2.4900826446281004,1.0,1.0,11.032051282051281,13,1.0,0.0,0,0.18069444444444444,0,21392,1042,264,0,0.0,trucks_per_brand|high|5
broker,3,5,1.0,0.05,6.0,60.0,fifo,False,False,local,59.0,29.5,29.5,1.0,1.0,0.49506944444444445,613.4700854700855,2.0623931623931635,11.92999999999999,1.9854700854700866,2.13931623931624,1.0344827586206897,1.0,12.955128205128204,13,0.0,0.0,0,0.17277777777777778,0,21063,1089,259,0,0.0,trucks_per_brand|high|5
broker,4,5,1.0,0.05,6.0,60.0,fifo,False,False,local,58.5,29.5,29.0,0.9830508474576272,1.0,0.49201388888888886,616.9145299145299,2.5365957446808522,13.3,2.352542372881357,2.722222222222223,1.0,1.0,12.833333333333332,12,1.5,0.0,0,0.18166666666666667,0,21111,1049,258,0,0.0,trucks_per_brand|high|5
broker,5,5,1.0,0.05,6.0,60.0,fifo,False,False,local,59.5,30.5,29.0,0.9508196721311475,1.0,0.5029166666666667,607.4033613445379,2.24201680672269,14.100000000000001,1.6508196721311486,2.863793103448277,1.0,1.0,12.999999999999998,12,1.0,0.0,0,0.17888888888888888,0,21243,1042,262,0,0.0,trucks_per_brand|high|5
broker,6,5,1.0,0.05,6.0,60.0,fifo,False,False,local,59.5,30.0,29.5,0.9833333333333333,1.0,0.5040972222222222,604.5546218487395,2.0518987341772164,14.3,1.896638655462186,2.2084745762711875,1.0,1.0,12.63095238095238,14,1.5,0.0,0,0.1748611111111111,0,21299,1072,263,0,0.0,trucks_per_brand|high|5
broker,7,5,1.0,0.05,6.0,60.0,fifo,False,False,local,58.5,29.5,29.0,0.9830508474576272,1.0,0.48833333333333334,610.890756302521,2.255084745762713,13.3,1.9627118644067807,2.547457627118645,1.0,1.0,13.234848484848484,11,0.5,0.0,0,0.17666666666666667,0,21021,1053,258,0,0.0,trucks_per_brand|high|5
broker,8,5,1.0,0.05,6.0,60.0,fifo,False,False,local,58.5,29.5,29.0,0.9830508474576272,1.0,0.4842361111111111,614.6239316239316,2.588034188034189,16.649999999999995,2.3871794871794885,2.78888888888889,1.0,1.0,15.166666666666666,8,0.5,0.0,0,0.17652777777777778,0,21178,1021,258,0,0.0,trucks_per_brand|high|5
broker,9,5,1.0,0.05,6.0,60.0,fifo,False,False,local,60.5,31.5,29.0,0.9206349206349206,1.0,0.5161805555555556,596.1157024793389,2.5049382716049395,14.3,2.334920634920636,2.688034188034189,1.0,1.0,12.416666666666666,15,1.5,0.0,0,0.18583333333333332,0,21584,1085,266,0,0.0,trucks_per_brand|high|5
broker,10,5,1.0,0.05,6.0,60.0,fifo,False,False,local,59.0,30.0,29.0,0.9666666666666667,1.0,0.4895833333333333,610.042735042735,2.3641350210970473,13.459999999999992,2.4260504201680684,2.3016949152542385,1.0,1.0,13.13095238095238,14,0.5,0.0,0,0.18013888888888888,0,21190,1063,260,0,0.0,trucks_per_brand|high|5
broker,11,5,1.0,0.05,6.0,60.0,fifo,False,False,local,59.5,30.0,29.5,0.9833333333333333,1.0,0.5057638888888889,603.7083333333334,2.3554621848739505,13.3,1.8666666666666678,2.852542372881357,1.0,1.1666666666666667,15.988095238095237,7,1.0,0.0,0,0.1773611111111111,0,21276,1063,262,0,0.0,trucks_per_brand|high|5
broker,12,5,1.0,0.05,6.0,60.0,fifo,False,False,local,61.0,30.0,31.0,0.967741935483871,1.0,0.5140972222222222,589.2892561983471,2.007377049180329,12.949999999999996,2.0934426229508207,1.921311475409837,1.0166666666666666,1.0,14.80128205128205,13,0.5,0.0,0,0.18,0,21584,1051,269,0,0.0,trucks_per_brand|high|5
broker,13,5,1.0,0.05,6.0,60.0,fifo,False,False,local,61.5,30.0,31.5,0.9523809523809523,1.0,0.5093749999999999,582.780487804878,2.4352226720647785,14.239999999999998,2.266942148760332,2.596825396825398,1.0,1.0634920634920635,11.416666666666666,9,0.0,0.0,0,0.18597222222222223,0,21662,1104,270,0,0.0,trucks_per_brand|high|5
broker,14,5,1.0,0.05,6.0,60.0,fifo,False,False,local,58.0,29.5,28.5,0.9661016949152542,1.0,0.49604166666666666,614.8728813559322,2.7446351931330484,16.179999999999996,2.543697478991598,2.954385964912282,1.0,1.0,12.647435897435896,13,1.0,0.0,0,0.17819444444444443,0,21164,1087,257,0,0.0,trucks_per_brand|high|5
broker,15,5,1.0,0.05,6.0,60.0,fifo,False,False,local,60.5,30.0,30.5,0.9836065573770492,1.0,0.5115972222222223,600.8403361344538,2.445000000000001,14.3,2.543697478991598,2.3479338842975217,1.0,1.0,14.149999999999999,15,0.0,0.0,0,0.18444444444444444,0,21358,1076,263,0,0.0,trucks_per_brand|high|5
broker,16,5,1.0,0.05,6.0,60.0,fifo,False,False,local,59.5,29.5,30.0,0.9833333333333333,1.0,0.5058333333333334,604.546218487395,2.2121338912133903,13.3,1.6666666666666676,2.762184873949581,1.0,1.0,11.325757575757574,11,1.5,0.0,0,0.17555555555555555,0,21223,1091,261,0,0.0,trucks_per_brand|high|5
broker,17,5,1.0,0.05,6.0,60.0,fifo,False,False,local,60.0,30.0,30.0,1.0,1.0,0.5005555555555555,607.1016949152543,1.8596638655462194,13.129999999999997,1.6745762711864418,2.041666666666668,1.0,1.0,13.837719298245613,19,0.5,0.0,0,0.17777777777777778,0,21184,1042,261,0,0.0,trucks_per_brand|high|5
broker,18,5,1.0,0.05,6.0,60.0,fifo,False,False,local,60.5,30.0,30.5,0.9836065573770492,1.0,0.5146527777777778,601.775,1.920000000000001,11.339999999999987,1.8630252100840348,1.9760330578512408,1.0,1.0,12.234848484848484,11,0.5,0.0,0,0.17722222222222223,0,21243,1041,263,0,0.0,trucks_per_brand|high|5
broker,19,5,1.0,0.05,6.0,60.0,fifo,False,False,local,59.5,29.5,30.0,0.9833333333333333,1.0,0.4974305555555556,605.2689075630252,2.5301255230125532,15.219999999999995,2.3166666666666678,2.745378151260505,1.0,1.0,11.63095238095238,14,1.0,0.0,0,0.18375,0,21477,1051,263,0,0.0,trucks_per_brand|high|5
broker,20,5,1.0,0.05,6.0,60.0,fifo,False,False,local,60.0,30.0,30.0,1.0,1.0,0.5059027777777778,604.0833333333334,2.6263598326359845,14.49999999999999,2.8630252100840345,2.391666666666668,1.0,1.0,11.791666666666666,8,0.0,0.0,0,0.1802777777777778,0,21316,1030,261,0,0.0,trucks_per_brand|high|5
broker,1,4,1.0,0.05,0.0,60.0,fifo,False,False,local,58.5,29.5,29.0,0.9830508474576272,1.0,0.4990972222222222,486.26271186440675,2.2417721518987355,13.49999999999999,2.6322033898305097,1.8546218487394968,1.0,1.0,0.0,0,0.0,0.0,0,0.16930555555555554,0,21358,1115,261,0,0.0,manual_rate_per_hour|low|0.0
broker,2,4,1.0,0.05,0.0,60.0,fifo,False,False,local,60.5,30.0,30.5,0.9836065573770492,1.0,0.5035416666666667,477.0495867768595,2.262655601659752,14.3,2.1083333333333343,2.415702479338844,1.0,1.0,0.0,0,0.0,0.0,0,0.1723611111111111,0,21337,1039,264,0,0.0,manual_rate_per_hour|low|0.0
broker,3,4,1.0,0.05,0.0,60.0,fifo,False,False,local,59.0,29.5,29.5,1.0,1.0,0.49506944444444445,490.85470085470087,1.9641025641025651,10.519999999999994,1.8743589743589755,2.053846153846155,1.0344827586206897,1.0,0.0,0,0.0,0.0,0,0.165,0,21017,1089,259,0,0.0,manual_rate_per_hour|low|0.0
broker,4,4,1.0,0.05,0.0,60.0,fifo,False,False,local,58.5,29.5,29.0,0.9830508474576272,1.0,0.49201388888888886,493.0683760683761,2.502553191489363,13.3,2.2508474576271196,2.7564102564102573,1.0,1.0,0.0,0,0.0,0.0,0,0.17347222222222222,0,21087,1048,258,0,0.0,manual_rate_per_hour|low|0.0
broker,5,4,1.0,0.05,0.0,60.0,fifo,False,False,local,59.5,30.5,29.0,0.9508196721311475,1.0,0.5029166666666667,485.8655462184874,2.2504201680672278,13.419999999999982,1.6180327868852469,2.9155172413793116,1.0,1.0,0.0,0,0.0,0.0,0,0.1725,0,21247,1043,262,0,0.0,manual_rate_per_hour|low|0.0
broker,6,4,1.0,0.05,0.0,60.0,fifo,False,False,local,59.5,30.0,29.5,0.9833333333333333,1.0,0.5040972222222222,484.02521008403363,2.0265822784810137,14.3,1.8546218487394968,2.200000000000001,1.0,1.0,0.0,0,0.0,0.0,0,0.16666666666666666,0,21291,1072,263,0,0.0,manual_rate_per_hour|low|0.0
broker,7,4,1.0,0.05,0.0,60.0,fifo,False,False,local,58.5,29.5,29.0,0.9830508474576272,1.0,0.48833333333333334,488.3613445378151,2.242372881355933,13.3,1.9627118644067807,2.522033898305086,1.0,1.0,0.0,0,0.0,0.0,0,0.17041666666666666,0,21021,1053,258,0,0.0,manual_rate_per_hour|low|0.0
broker,8,4,1.0,0.05,0.0,60.0,fifo,False,False,local,58.5,29.5,29.0,0.9830508474576272,1.0,0.4842361111111111,491.9316239316239,2.600854700854702,16.649999999999995,2.3871794871794885,2.8145299145299156,1.0,1.0,0.0,0,0.0,0.0,0,0.17222222222222222,0,21185,1021,258,0,0.0,manual_rate_per_hour|low|0.0
broker,9,4,1.0,0.05,0.0,60.0,fifo,False,False,local,60.5,31.5,29.0,0.9206349206349206,1.0,0.5161805555555556,476.73553719008265,2.443209876543211,14.3,2.2396825396825406,2.6623931623931636,1.0,1.0,0.0,0,0.0,0.0,0,0.17652777777777778,0,21551,1081,266,0,0.0,manual_rate_per_hour|low|0.0
broker,10,4,1.0,0.05,0.0,60.0,fifo,False,False,local,59.0,30.0,29.0,0.9666666666666667,1.0,0.4895833333333333,488.15384615384613,2.3556962025316466,13.459999999999992,2.4176470588235306,2.2932203389830517,1.0,1.0,0.0,0,0.0,0.0,0,0.1725,0,21192,1063,260,0,0.0,manual_rate_per_hour|low|0.0
broker,11,4,1.0,0.05,0.0,60.0,fifo,False,False,local,59.5,30.0,29.5,0.9833333333333333,1.0,0.5057638888888889,482.76666666666665,2.3638655462184883,13.3,1.8666666666666678,2.86949152542373,1.0,1.1666666666666667,0.0,0,0.0,0.0,0,0.17319444444444446,0,21276,1063,262,0,0.0,manual_rate_per_hour|low|0.0
broker,12,4,1.0,0.05,0.0,60.0,fifo,False,False,local,61.0,30.0,31.0,0.967741935483871,1.0,0.5140972222222222,471.77685950413223,1.9991803278688536,12.100000000000001,2.0688524590163944,1.9295081967213126,1.0,1.0,0.0,0,0.0,0.0,0,0.17305555555555555,0,21582,1051,269,0,0.0,manual_rate_per_hour|low|0.0
broker,13,4,1.0,0.05,0.0,60.0,fifo,False,False,local,61.5,30.0,31.5,0.9523809523809523,1.0,0.5093749999999999,466.8861788617886,2.4352226720647785,14.3,2.1677685950413235,2.692063492063493,1.0,1.0634920634920635,0.0,0,0.0,0.0,0,0.18125,0,21659,1104,270,0,0.0,manual_rate_per_hour|low|0.0
broker,14,4,1.0,0.05,0.0,60.0,fifo,False,False,local,58.0,29.5,28.5,0.9661016949152542,1.0,0.49604166666666666,492.1186440677966,2.7103004291845503,16.3,2.3588235294117657,3.0771929824561415,1.0,1.0,0.0,0,0.0,0.0,0,0.17055555555555554,0,21148,1087,257,0,0.0,manual_rate_per_hour|low|0.0
broker,15,4,1.0,0.05,0.0,60.0,fifo,False,False,local,60.5,30.0,30.5,0.9836065573770492,1.0,0.5115972222222223,480.93277310924367,2.403333333333334,14.3,2.5016806722689084,2.306611570247935,1.0,1.0,0.0,0,0.0,0.0,0,0.17597222222222222,0,21336,1076,263,0,0.0,manual_rate_per_hour|low|0.0
broker,16,4,1.0,0.05,0.0,60.0,fifo,False,False,local,59.5,29.5,30.0,0.9833333333333333,1.0,0.5058333333333334,483.8487394957983,2.2163179916318003,14.100000000000001,1.6583333333333343,2.7789915966386567,1.0,1.0,0.0,0,0.0,0.0,0,0.1688888888888889,0,21224,1091,261,0,0.0,manual_rate_per_hour|low|0.0
broker,17,4,1.0,0.05,0.0,60.0,fifo,False,False,local,60.0,30.0,30.0,1.0,1.0,0.5005555555555555,485.66101694915255,1.8596638655462194,13.3,1.6576271186440688,2.0583333333333345,1.0,1.0,0.0,0,0.0,0.0,0,0.16722222222222222,0,21181,1042,261,0,0.0,manual_rate_per_hour|low|0.0
broker,18,4,1.0,0.05,0.0,60.0,fifo,False,False,local,60.5,30.0,30.5,0.9836065573770492,1.0,0.5146527777777778,480.875,1.9241666666666677,12.149999999999984,1.7033613445378162,2.141322314049588,1.0,1.0,0.0,0,0.0,0.0,0,0.17152777777777778,0,21242,1041,263,0,0.0,manual_rate_per_hour|low|0.0
broker,19,4,1.0,0.05,0.0,60.0,fifo,False,False,local,59.5,29.5,30.0,0.9833333333333333,1.0,0.4974305555555556,484.39495798319325,2.5175732217573232,15.100000000000001,2.3166666666666678,2.7201680672268918,1.0,1.0,0.0,0,0.0,0.0,0,0.17555555555555555,0,21474,1051,263,0,0.0,manual_rate_per_hour|low|0.0
broker,20,4,1.0,0.05,0.0,60.0,fifo,False,False,local,60.0,30.0,30.0,1.0,1.0,0.5058333333333334,483.09166666666664,2.580334728033474,14.120000000000001,2.7789915966386567,2.383333333333334,1.0,1.0,0.0,0,0.0,0.0,0,0.1761111111111111,0,21291,1030,261,0,0.0,manual_rate_per_hour|low|0.0
broker,1,4,1.0,0.05,24.0,60.0,fifo,False,False,local,58.5,29.5,29.0,0.9830508474576272,1.0,0.4992361111111111,486.26271186440675,2.368354430379748,14.139999999999999,2.7254237288135603,2.0142857142857156,1.0,1.0,13.259803921568626,51,5.0,0.0,0,0.19916666666666666,0,21424,1118,261,0,0.0,manual_rate_per_hour|high|24.0
broker,2,4,1.0,0.05,24.0,60.0,fifo,False,False,local,60.5,30.0,30.5,0.9836065573770492,1.0,0.5035416666666667,477.0495867768595,2.4908713692946067,14.3,2.3083333333333345,2.671900826446282,1.0,1.0,13.535310734463275,59,4.5,0.0,0,0.20722222222222222,0,21414,1045,264,0,0.0,manual_rate_per_hour|high|24.0
broker,3,4,1.0,0.05,24.0,60.0,fifo,False,False,local,59.0,29.5,29.5,1.0,1.0,0.49506944444444445,490.85470085470087,2.0623931623931635,11.3,1.917094017094018,2.2076923076923087,1.0344827586206897,1.0,11.491666666666665,40,3.0,0.0,0,0.18819444444444444,0,21061,1089,259,0,0.0,manual_rate_per_hour|high|24.0
broker,4,4,1.0,0.05,24.0,60.0,fifo,False,False,local,58.5,29.5,29.0,0.9830508474576272,1.0,0.49201388888888886,493.0683760683761,2.5706382978723417,13.3,2.310169491525425,2.8333333333333344,1.0,1.0,12.329710144927535,46,1.5,0.0,0,0.20041666666666666,0,21150,1053,258,0,0.0,manual_rate_per_hour|high|24.0
broker,5,4,1.0,0.05,24.0,60.0,fifo,False,False,local,59.5,30.5,29.0,0.9508196721311475,1.0,0.5029166666666667,485.8655462184874,2.3092436974789927,14.129999999999997,1.7245901639344272,2.9241379310344837,1.0,1.0,12.720238095238095,56,4.5,0.0,0,0.20347222222222222,0,21276,1044,262,0,0.0,manual_rate_per_hour|high|24.0
broker,6,4,1.0,0.05,24.0,60.0,fifo,False,False,local,59.5,30.0,29.5,0.9833333333333333,1.0,0.5040972222222222,484.02521008403363,2.132067510548524,14.65999999999998,1.9554621848739506,2.310169491525425,1.0,1.0,13.621212121212121,44,1.5,0.0,0,0.19152777777777777,0,21345,1074,263,0,0.0,manual_rate_per_hour|high|24.0
broker,7,4,1.0,0.05,24.0,60.0,fifo,False,False,local,58.5,29.5,29.0,0.9830508474576272,1.0,0.48833333333333334,488.3613445378151,2.2805084745762723,13.3,2.0305084745762723,2.5305084745762723,1.0,1.0,12.820921985815602,47,4.5,0.0,0,0.19652777777777777,0,21060,1054,258,0,0.0,manual_rate_per_hour|high|24.0
broker,8,4,1.0,0.05,24.0,60.0,fifo,False,False,local,58.5,29.5,29.0,0.9830508474576272,1.0,0.4842361111111111,491.9316239316239,2.8273504273504284,16.17,2.464102564102565,3.1905982905982917,1.0,1.0,12.708333333333332,48,5.5,0.0,0,0.20041666666666666,0,21282,1026,258,0,0.0,manual_rate_per_hour|high|24.0
broker,9,4,1.0,0.05,24.0,60.0,fifo,False,False,local,60.5,31.5,29.0,0.9206349206349206,1.0,0.5161805555555556,476.73553719008265,2.7106995884773673,14.199999999999978,2.3984126984126997,3.047008547008548,1.0,1.0,13.992937853107344,59,4.0,0.0,0,0.2125,0,21648,1088,266,0,0.0,manual_rate_per_hour|high|24.0
broker,10,4,1.0,0.05,24.0,60.0,fifo,False,False,local,59.0,30.0,29.0,0.9666666666666667,1.0,0.4895833333333333,488.15384615384613,2.4063291139240515,14.3,2.442857142857144,2.36949152542373,1.0,1.0,14.671985815602836,47,3.5,0.0,0,0.19791666666666666,0,21222,1065,260,0,0.0,manual_rate_per_hour|high|24.0
broker,11,4,1.0,0.05,24.0,60.0,fifo,False,False,local,59.5,30.0,29.5,0.9833333333333333,1.0,0.5057638888888889,482.76666666666665,2.468907563025211,13.3,1.9416666666666678,3.005084745762713,1.0,1.1666666666666667,12.75,36,5.5,0.0,0,0.19458333333333333,0,21327,1064,262,0,0.0,manual_rate_per_hour|high|24.0
broker,12,4,1.0,0.05,24.0,60.0,fifo,False,False,local,61.0,30.0,31.0,0.967741935483871,1.0,0.5140972222222222,471.77685950413223,2.040163934426231,11.979999999999997,2.0524590163934437,2.0278688524590174,1.0,1.0,12.99561403508772,38,5.0,0.0,0,0.19416666666666665,0,21600,1051,269,0,0.0,manual_rate_per_hour|high|24.0
broker,13,4,1.0,0.05,24.0,60.0,fifo,False,False,local,61.5,30.0,31.5,0.9523809523809523,1.0,0.5094444444444444,466.8861788617886,2.6214574898785434,14.3,2.3826446280991744,2.8507936507936518,1.0,1.0634920634920635,14.483333333333333,45,2.5,0.0,0,0.20805555555555555,0,21740,1110,270,0,0.0,manual_rate_per_hour|high|24.0
broker,14,4,1.0,0.05,24.0,60.0,fifo,False,False,local,58.0,29.5,28.5,0.9661016949152542,1.0,0.49597222222222226,492.1186440677966,2.8562231759656664,16.3,2.577310924369749,3.1473684210526325,1.0,1.0,12.981884057971014,46,2.0,0.0,0,0.19722222222222222,0,21214,1089,257,0,0.0,manual_rate_per_hour|high|24.0
broker,15,4,1.0,0.05,24.0,60.0,fifo,False,False,local,60.5,30.0,30.5,0.9836065573770492,1.0,0.5115972222222223,480.93277310924367,2.4491666666666676,14.3,2.5268907563025222,2.372727272727274,1.0,1.0,13.353174603174603,63,4.0,0.0,0,0.21097222222222223,0,21377,1076,263,0,0.0,manual_rate_per_hour|high|24.0
broker,16,4,1.0,0.05,24.0,60.0,fifo,False,False,local,59.5,29.5,30.0,0.9833333333333333,1.0,0.5058333333333334,483.8487394957983,2.375313807531382,14.47999999999999,2.0166666666666675,2.7369747899159673,1.0,1.0,12.544326241134751,47,2.0,0.0,0,0.19583333333333333,0,21271,1094,261,0,0.0,manual_rate_per_hour|high|24.0
broker,17,4,1.0,0.05,24.0,60.0,fifo,False,False,local,60.0,30.0,30.0,1.0,1.0,0.5005555555555555,485.66101694915255,1.9142857142857153,13.3,1.7593220338983062,2.0666666666666678,1.0,1.0,12.805555555555555,54,4.0,0.0,0,0.1973611111111111,0,21206,1044,261,0,0.0,manual_rate_per_hour|high|24.0
broker,18,4,1.0,0.05,24.0,60.0,fifo,False,False,local,60.5,30.0,30.5,0.9836065573770492,1.0,0.5146527777777778,480.875,2.0366666666666675,12.149999999999984,2.0647058823529423,2.00909090909091,1.0,1.0,12.142156862745097,51,3.0,0.0,0,0.19958333333333333,0,21294,1045,263,0,0.0,manual_rate_per_hour|high|24.0
broker,19,4,1.0,0.05,24.0,60.0,fifo,False,False,local,59.5,29.5,30.0,0.9833333333333333,1.0,0.4974305555555556,484.39495798319325,2.7142259414225953,16.3,2.5250000000000012,2.905042016806724,1.0,1.0,13.134057971014492,46,3.0,0.0,0,0.2026388888888889,0,21573,1056,263,0,0.0,manual_rate_per_hour|high|24.0
broker,20,4,1.0,0.05,24.0,60.0,fifo,False,False,local,60.0,30.0,30.0,1.0,1.0,0.5058333333333334,483.09166666666664,2.7184100418410053,14.3,3.207563025210085,2.2333333333333343,1.0,1.0,14.575757575757574,44,3.0,0.0,0,0.20083333333333334,0,21338,1030,261,0,0.0,manual_rate_per_hour|high|24.0
broker,1,4,1.0,0.05,6.0,60.0,fifo,False,False,local,58.5,29.5,29.0,0.9830508474576272,1.0,0.49840277777777775,486.26271186440675,2.739662447257385,16.3,3.242372881355933,2.241176470588236,1.0,1.0,10.871212121212121,11,0.0,0.0,0,0.17597222222222222,0,20282,1055,261,0,0.0,grant_lookahead|low|3.0
broker,2,4,1.0,0.05,6.0,60.0,fifo,False,False,local,60.5,30.0,30.5,0.9836065573770492,1.0,0.5035416666666667,477.0495867768595,2.9141078838174286,14.3,2.925000000000001,2.903305785123968,1.0,1.0,11.878205128205128,13,0.5,0.0,0,0.18263888888888888,0,20362,981,264,0,0.0,grant_lookahead|low|3.0
broker,3,4,1.0,0.05,6.0,60.0,fifo,False,False,local,59.0,29.5,29.5,1.0,1.0,0.49506944444444445,490.85470085470087,2.553846153846155,13.17,2.3444444444444454,2.763247863247864,1.0172413793103448,1.0,13.416666666666666,13,0.0,0.0,0,0.17375,0,20041,1033,259,0,0.0,grant_lookahead|low|3.0
broker,4,4,1.0,0.05,6.0,60.0,fifo,False,False,local,58.5,29.5,29.0,0.9830508474576272,1.0,0.49201388888888886,493.0683760683761,3.0516949152542385,13.55,2.7873949579831945,3.3205128205128216,1.0,1.0,12.916666666666666,12,1.0,0.0,0,0.18208333333333335,0,20120,1001,258,0,0.0,grant_lookahead|low|3.0
broker,5,4,1.0,0.05,6.0,60.0,fifo,False,False,local,59.5,30.5,29.0,0.9508196721311475,1.0,0.503125,485.8655462184874,2.7252100840336144,13.419999999999982,2.1344262295081977,3.346551724137932,1.0,1.0,13.749999999999998,12,0.5,0.0,0,0.17902777777777779,0,20218,987,262,0,0.0,grant_lookahead|low|3.0
broker,6,4,1.0,0.05,6.0,60.0,fifo,False,False,local,59.5,30.0,29.5,0.9833333333333333,1.0,0.5040972222222222,484.02521008403363,2.5835443037974692,14.3,2.484873949579833,2.6830508474576282,1.0,1.0,12.488095238095237,14,0.0,0.0,0,0.17597222222222222,0,20232,1024,263,0,0.0,grant_lookahead|low|3.0
broker,7,4,1.0,0.05,6.0,60.0,fifo,False,False,local,58.5,29.5,29.0,0.9830508474576272,1.0,0.4882638888888889,488.3613445378151,2.8016949152542385,14.8,2.7254237288135603,2.8779661016949163,1.0,1.0,13.598484848484848,11,0.0,0.0,0,0.1773611111111111,0,20073,1004,258,0,0.0,grant_lookahead|low|3.0
broker,8,4,1.0,0.05,6.0,60.0,fifo,False,False,local,58.5,29.5,29.0,0.9830508474576272,1.0,0.4842361111111111,491.9316239316239,3.105128205128206,16.649999999999995,2.8658119658119667,3.3444444444444454,1.0,1.0,15.416666666666666,8,0.0,0.0,0,0.17694444444444443,0,20167,964,258,0,0.0,grant_lookahead|low|3.0
broker,9,4,1.0,0.05,6.0,60.0,fifo,False,False,local,60.5,31.5,29.0,0.9206349206349206,1.0,0.5161805555555556,476.73553719008265,3.122222222222223,14.3,3.0253968253968266,3.2264957264957275,1.0,1.0,12.416666666666666,15,1.5,0.0,0,0.18819444444444444,0,20532,1028,266,0,0.0,grant_lookahead|low|3.0
broker,10,4,1.0,0.05,6.0,60.0,fifo,False,False,local,59.0,30.0,29.0,0.9666666666666667,1.0,0.4895833333333333,488.15384615384613,2.912658227848102,14.3,3.0058823529411773,2.8186440677966114,1.0,1.0,11.488095238095237,14,0.0,0.0,0,0.18013888888888888,0,20170,1012,259,0,0.0,grant_lookahead|low|3.0
broker,11,4,1.0,0.05,6.0,60.0,fifo,False,False,local,59.5,30.0,29.5,0.9833333333333333,1.0,0.5057638888888889,482.76666666666665,2.7882352941176483,13.3,2.3083333333333345,3.276271186440679,1.0,1.1666666666666667,15.13095238095238,7,1.0,0.0,0,0.17680555555555555,0,20220,1010,262,0,0.0,grant_lookahead|low|3.0
broker,12,4,1.0,0.05,6.0,60.0,fifo,False,False,local,61.0,30.0,31.0,0.967741935483871,1.0,0.5140972222222222,471.77685950413223,2.5237704918032797,12.949999999999996,2.478688524590165,2.5688524590163944,1.0333333333333334,1.0,15.032051282051281,13,0.5,0.0,0,0.1811111111111111,0,20517,1002,269,0,0.0,grant_lookahead|low|3.0
broker,13,4,1.0,0.05,6.0,60.0,fifo,False,False,local,61.5,30.0,31.5,0.9523809523809523,0.9996527777777777,0.5086111111111111,467.0487804878049,2.965587044534414,14.3,2.762809917355373,3.1603174603174615,1.0,1.0634920634920635,11.75,9,0.0,0.0,0,0.18791666666666668,0,20694,1064,270,0,0.0,grant_lookahead|low|3.0
broker,14,4,1.0,0.05,6.0,60.0,fifo,False,False,local,58.0,29.5,28.5,0.9661016949152542,1.0,0.49604166666666666,492.1186440677966,3.221030042918456,16.699999999999978,2.938655462184875,3.5157894736842117,1.0,1.0,11.801282051282051,13,0.5,0.0,0,0.1786111111111111,0,20167,1030,257,0,0.0,grant_lookahead|low|3.0
broker,15,4,1.0,0.05,6.0,60.0,fifo,False,False,local,60.5,30.0,30.5,0.9836065573770492,1.0,0.5116666666666667,480.93277310924367,2.9533333333333345,14.399999999999967,2.9638655462184884,2.9429752066115715,1.0,1.0,13.683333333333332,15,0.0,0.0,0,0.18513888888888888,0,20371,1034,262,0,0.0,grant_lookahead|low|3.0
broker,16,4,1.0,0.05,6.0,60.0,fifo,False,False,local,59.5,29.5,30.0,0.9833333333333333,1.0,0.5057638888888889,483.8487394957983,2.693305439330545,14.120000000000001,2.3583333333333343,3.031092436974791,1.0,1.0,12.689393939393938,11,0.5,0.0,0,0.17527777777777778,0,20167,1035,261,0,0.0,grant_lookahead|low|3.0
broker,17,4,1.0,0.05,6.0,60.0,fifo,False,False,local,60.0,30.0,30.0,1.0,1.0,0.5005555555555555,485.66101694915255,2.3218487394957994,13.449999999999978,2.005084745762713,2.633333333333334,1.0,1.0,13.94298245614035,19,0.5,0.0,0,0.17791666666666667,0,20069,998,261,0,0.0,grant_lookahead|low|3.0
broker,18,4,1.0,0.05,6.0,60.0,fifo,False,False,local,60.5,30.0,30.5,0.9836065573770492,1.0,0.5147916666666668,480.875,2.436666666666668,13.109999999999998,2.3756302521008412,2.496694214876034,1.0,1.0,12.053030303030303,11,0.0,0.0,0,0.17819444444444443,0,20197,992,263,0,0.0,grant_lookahead|low|3.0
broker,19,4,1.0,0.05,6.0,60.0,fifo,False,False,local,59.5,29.5,30.0,0.9833333333333333,1.0,0.4972916666666667,484.39495798319325,2.9359832635983274,14.379999999999995,2.5916666666666677,3.2831932773109256,1.0,1.0,11.63095238095238,14,0.5,0.0,0,0.18291666666666667,0,20360,1001,263,0,0.0,grant_lookahead|low|3.0
broker,20,4,1.0,0.05,6.0,60.0,fifo,False,False,local,60.0,30.0,30.0,1.0,1.0,0.5058333333333334,483.09166666666664,3.0196652719665282,14.3,3.1907563025210095,2.850000000000001,1.0,1.0,11.791666666666666,8,0.0,0.0,0,0.18041666666666667,0,20288,979,261,0,0.0,grant_lookahead|low|3.0
broker,1,4,1.0,0.05,6.0,60.0,fifo,False,False,local,58.5,29.5,29.0,0.9830508474576272,1.0,0.49854166666666666,486.26271186440675,10.672995780590718,33.499999999999986,10.024369747899161,11.327118644067797,1.0,1.1694915254237288,12.962121212121211,11,0.5,0.0,0,0.22333333333333333,0,26005,1354,321,60,0.0,grant_lookahead|high|30.0
broker,2,4,1.0,0.05,6.0,60.0,fifo,False,False,local,60.0,30.0,30.0,1.0,0.99875,0.5023611111111111,477.64462809917353,12.387136929460581,42.1,11.100000000000001,13.663636363636364,1.0,1.3934426229508197,13.801282051282051,13,1.0,0.0,0,0.23402777777777778,0,26631,1318,324,59,0.0,grant_lookahead|high|30.0
broker,3,4,1.0,0.05,6.0,60.0,fifo,False,False,local,59.0,29.5,29.5,1.0,0.9996527777777777,0.49506944444444445,491.02564102564105,13.070940170940172,45.17,12.814529914529915,13.327350427350428,1.0344827586206897,1.0,12.108974358974358,13,0.5,0.0,0,0.23097222222222222,0,26615,1359,322,64,0.0,grant_lookahead|high|30.0
broker,4,4,1.0,0.05,6.0,60.0,fifo,False,False,local,58.5,29.5,29.0,0.9830508474576272,1.0,0.49201388888888886,493.0683760683761,10.58135593220339,32.1,9.11512605042017,12.072649572649574,1.0,1.152542372881356,13.0,12,1.5,0.0,0,0.22055555555555556,0,25829,1319,320,63,0.0,grant_lookahead|high|30.0
broker,5,4,1.0,0.05,6.0,60.0,fifo,False,False,local,59.5,30.5,29.0,0.9508196721311475,0.9988888888888889,0.5027777777777778,486.4033613445378,12.372573839662449,38.3,11.41404958677686,13.37241379310345,1.0,1.0508474576271187,14.083333333333332,12,0.0,0.0,0,0.22944444444444445,0,26411,1278,324,62,0.0,grant_lookahead|high|30.0
broker,6,4,1.0,0.05,6.0,60.0,fifo,False,False,local,59.5,30.0,29.5,0.9833333333333333,1.0,0.5040972222222222,484.02521008403363,10.613080168776373,39.3,9.466666666666667,11.78888888888889,1.0,1.0,13.13095238095238,14,0.5,0.0,0,0.21958333333333332,0,25897,1305,317,55,0.0,grant_lookahead|high|30.0
broker,7,4,1.0,0.05,6.0,60.0,fifo,False,False,local,59.0,29.5,29.5,1.0,1.0,0.48583333333333334,488.3613445378151,12.161864406779662,39.3,10.43728813559322,13.886440677966103,1.0,1.1864406779661016,12.053030303030303,11,0.0,0.0,0,0.23055555555555557,0,26137,1301,317,58,0.0,grant_lookahead|high|30.0
broker,8,4,1.0,0.05,6.0,60.0,fifo,False,False,local,57.5,29.0,28.5,0.9827586206896551,0.9997916666666666,0.4825,492.03418803418805,12.361538461538462,35.64999999999999,11.352991452991454,13.37008547008547,1.0169491525423728,1.0,15.166666666666666,8,0.0,0.0,0,0.22527777777777777,0,26285,1263,324,66,0.0,grant_lookahead|high|30.0
broker,9,4,1.0,0.05,6.0,60.0,fifo,False,False,local,60.5,31.5,29.0,0.9206349206349206,0.9956944444444444,0.5160416666666667,478.78512396694214,10.561410788381744,33.1,10.288709677419355,10.850427350427351,1.3225806451612903,1.1724137931034482,12.816666666666666,15,2.0,0.0,0,0.22652777777777777,0,26072,1294,322,57,0.0,grant_lookahead|high|30.0
broker,10,4,1.0,0.05,6.0,60.0,fifo,False,False,local,59.0,30.0,29.0,0.9666666666666667,0.9986111111111111,0.4895833333333333,488.8376068376068,12.554008438818567,42.45999999999999,10.3,14.827118644067797,1.2033898305084745,1.4482758620689655,11.988095238095237,14,0.5,0.0,0,0.2311111111111111,0,26165,1313,317,58,0.0,grant_lookahead|high|30.0
broker,11,4,1.0,0.05,6.0,60.0,fifo,False,False,local,59.5,30.0,29.5,0.9833333333333333,0.9980555555555555,0.5039583333333333,483.5042016806723,12.354166666666668,35.3,10.3,14.408333333333335,1.0,1.3389830508474576,12.273809523809524,7,0.0,0.0,0,0.23277777777777778,0,26435,1327,325,62,0.0,grant_lookahead|high|30.0
broker,12,4,1.0,0.05,6.0,60.0,fifo,False,False,local,60.5,30.0,30.5,0.9836065573770492,0.9957638888888889,0.5094444444444444,473.79338842975204,12.416734693877553,43.89999999999996,11.626229508196722,13.200813008130082,1.2166666666666666,1.4098360655737705,13.724358974358973,13,0.5,0.0,0,0.2376388888888889,0,26637,1311,322,54,0.0,grant_lookahead|high|30.0
broker,13,4,1.0,0.05,6.0,60.0,fifo,False,False,local,61.5,30.5,31.0,0.9838709677419355,0.9941666666666666,0.5073611111111112,469.6178861788618,10.939837398373985,32.25,10.429508196721313,11.441935483870969,1.0,1.2580645161290323,10.638888888888888,9,0.0,0.0,0,0.23208333333333334,0,26474,1340,325,56,0.0,grant_lookahead|high|30.0
broker,14,4,1.0,0.05,6.0,60.0,fifo,False,False,local,58.0,29.5,28.5,0.9661016949152542,0.9984027777777778,0.49368055555555557,492.89830508474574,12.613793103448277,37.199999999999974,11.996610169491527,13.25263157894737,1.0,1.1379310344827587,16.49358974358974,13,0.5,0.0,0,0.22666666666666666,0,26064,1313,318,61,0.0,grant_lookahead|high|30.0
broker,15,4,1.0,0.05,6.0,60.0,fifo,False,False,local,60.0,30.0,30.0,1.0,1.0,0.5134722222222222,480.93277310924367,11.069874476987449,35.3,11.089830508474577,11.050413223140497,1.0,1.0,13.416666666666666,15,0.0,0.0,0,0.2298611111111111,0,25965,1283,321,59,0.0,grant_lookahead|high|30.0
broker,16,4,1.0,0.05,6.0,60.0,fifo,False,False,local,59.5,30.0,29.5,0.9833333333333333,0.9972222222222222,0.5043055555555556,485.16101694915255,11.396234309623432,37.39999999999999,10.075000000000001,12.72857142857143,1.4576271186440677,1.0,12.053030303030303,11,0.5,0.0,0,0.22402777777777777,0,26156,1331,319,58,0.0,grant_lookahead|high|30.0
broker,17,4,1.0,0.05,6.0,60.0,fifo,False,False,local,60.0,30.0,30.0,1.0,1.0,0.5025694444444444,485.66101694915255,10.174261603375529,32.45999999999999,8.496610169491527,11.83781512605042,1.305084745762712,1.0,12.416666666666666,19,1.5,0.0,0,0.22444444444444445,0,25812,1245,315,54,0.0,grant_lookahead|high|30.0
broker,18,4,1.0,0.05,6.0,60.0,fifo,False,False,local,60.5,30.0,30.5,0.9836065573770492,0.9990972222222223,0.5160416666666667,481.30833333333334,9.746218487394959,31.1,10.572881355932205,8.933333333333334,1.2881355932203389,1.1,14.78030303030303,11,0.0,0.0,0,0.22013888888888888,0,25852,1248,321,60,0.0,grant_lookahead|high|30.0
broker,19,4,1.0,0.05,6.0,60.0,fifo,False,False,local,59.5,29.5,30.0,0.9833333333333333,0.9986805555555556,0.49819444444444444,485.03361344537814,11.33347280334728,36.39999999999999,12.208333333333334,10.45126050420168,1.0,1.576271186440678,13.13095238095238,14,0.5,0.0,0,0.2263888888888889,0,26242,1262,320,58,0.0,grant_lookahead|high|30.0
broker,20,4,1.0,0.05,6.0,60.0,fifo,False,False,local,60.0,30.0,30.0,1.0,1.0,0.5065277777777777,483.09166666666664,11.417154811715482,35.39999999999999,11.468067226890756,11.366666666666667,1.0,1.1166666666666667,11.416666666666666,8,0.0,0.0,0,0.2222222222222222,0,26174,1288,320,60,0.0,grant_lookahead|high|30.0
broker,1,4,1.0,0.05,6.0,60.0,fifo,False,False,local,58.5,29.5,29.0,0.9830508474576272,1.0,0.49895833333333334,486.26271186440675,1.8156118143459927,10.100000000000001,2.2889830508474587,1.346218487394959,1.0,1.0,11.106060606060607,11,1.0,0.0,0,0.11833333333333333,0,20572,1072,261,0,0.0,zone_width|low|10.0
broker,2,4,1.0,0.05,6.0,60.0,fifo,False,False,local,60.5,30.0,30.5,0.9836065573770492,1.0,0.5035416666666667,477.0495867768595,1.845643153526972,10.100000000000001,1.9416666666666678,1.750413223140497,1.0,1.0,11.448717948717949,13,1.0,0.0,0,0.12125,0,20603,997,264,0,0.0,zone_width|low|10.0
broker,3,4,1.0,0.05,6.0,60.0,fifo,False,False,local,59.0,29.5,29.5,1.0,1.0,0.49506944444444445,490.85470085470087,1.6905982905982917,9.254999999999994,1.7547008547008558,1.6264957264957276,1.0344827586206897,1.0,13.294871794871796,13,0.5,0.0,0,0.1175,0,20355,1053,259,0,0.0,zone_width|low|10.0
broker,4,4,1.0,0.05,6.0,60.0,fifo,False,False,local,58.5,29.5,29.0,0.9830508474576272,1.0,0.49201388888888886,493.0683760683761,1.8727659574468096,8.8,1.6872881355932214,2.059829059829061,1.0,1.0,12.583333333333334,12,0.5,0.0,0,0.11861111111111111,0,20297,1007,258,0,0.0,zone_width|low|10.0
broker,5,4,1.0,0.05,6.0,60.0,fifo,False,False,local,59.5,30.5,29.0,0.9508196721311475,1.0,0.5028472222222222,485.8655462184874,1.6432773109243708,8.99499999999997,1.3352459016393454,1.9672413793103458,1.0,1.0,12.333333333333334,12,0.5,0.0,0,0.11847222222222223,0,20455,1000,262,0,0.0,zone_width|low|10.0
broker,6,4,1.0,0.05,6.0,60.0,fifo,False,False,local,59.5,30.0,29.5,0.9833333333333333,1.0,0.5040972222222222,484.02521008403363,1.5455696202531657,8.499999999999979,1.4638655462184884,1.6279661016949163,1.0,1.0,12.690476190476192,14,0.5,0.0,0,0.1175,0,20529,1038,263,0,0.0,zone_width|low|10.0
broker,7,4,1.0,0.05,6.0,60.0,fifo,False,False,local,58.5,29.5,29.0,0.9830508474576272,1.0,0.4884722222222222,488.3613445378151,1.6364406779661027,8.8,1.678813559322035,1.5940677966101706,1.0,1.0,11.833333333333334,11,1.0,0.0,0,0.11569444444444445,0,20240,1013,258,0,0.0,zone_width|low|10.0
broker,8,4,1.0,0.05,6.0,60.0,fifo,False,False,local,58.5,29.5,29.0,0.9830508474576272,1.0,0.4842361111111111,491.9316239316239,1.9726495726495736,10.8,1.7888888888888899,2.1564102564102576,1.0,1.0,14.458333333333334,8,1.0,0.0,0,0.11722222222222223,0,20398,984,258,0,0.0,zone_width|low|10.0
broker,9,4,1.0,0.05,6.0,60.0,fifo,False,False,local,60.5,31.5,29.0,0.9206349206349206,1.0,0.5163194444444444,476.73553719008265,1.9740740740740752,10.100000000000001,1.576984126984128,2.401709401709403,1.1428571428571428,1.0,12.500000000000002,15,1.5,0.0,0,0.12444444444444444,0,20807,1039,266,0,0.0,zone_width|low|10.0
broker,10,4,1.0,0.05,6.0,60.0,fifo,False,False,local,59.0,30.0,29.0,0.9666666666666667,1.0,0.4895833333333333,488.15384615384613,1.769198312236288,9.059999999999986,1.8000000000000012,1.73813559322034,1.0,1.0,11.833333333333334,14,0.5,0.0,0,0.11791666666666667,0,20367,1020,260,0,0.0,zone_width|low|10.0
broker,11,4,1.0,0.05,6.0,60.0,fifo,False,False,local,59.5,30.0,29.5,0.9833333333333333,1.0,0.5057638888888889,482.76666666666665,1.819747899159665,8.8,1.5333333333333343,2.1110169491525435,1.0,1.1666666666666667,13.54761904761905,7,1.0,0.0,0,0.11763888888888889,0,20511,1019,262,0,0.0,zone_width|low|10.0
broker,12,4,1.0,0.05,6.0,60.0,fifo,False,False,local,61.0,30.0,31.0,0.967741935483871,1.0,0.5140972222222222,471.77685950413223,1.548360655737706,8.100000000000001,1.5647540983606567,1.5319672131147553,1.0,1.0,13.987179487179489,13,0.5,0.0,0,0.11972222222222222,0,20806,1017,269,0,0.0,zone_width|low|10.0
broker,13,4,1.0,0.05,6.0,60.0,fifo,False,False,local,61.5,30.0,31.5,0.9523809523809523,1.0,0.509375,466.8861788617886,1.6983805668016205,8.8,1.4611570247933896,1.9261904761904773,1.0,1.0634920634920635,11.5,9,0.0,0.0,0,0.12111111111111111,0,20790,1067,270,0,0.0,zone_width|low|10.0
broker,14,4,1.0,0.05,6.0,60.0,fifo,False,False,local,58.5,29.5,29.0,0.9830508474576272,1.0,0.49618055555555557,492.1186440677966,2.010729613733907,10.100000000000001,1.6991596638655473,2.3359649122807027,1.0,1.0,11.67948717948718,13,1.0,0.0,0,0.11833333333333333,0,20326,1040,257,0,0.0,zone_width|low|10.0
broker,15,4,1.0,0.05,6.0,60.0,fifo,False,False,local,60.5,30.0,30.5,0.9836065573770492,1.0,0.5115972222222223,480.93277310924367,1.7054166666666677,8.13499999999999,1.9512605042016817,1.4636363636363647,1.0,1.0,13.566666666666668,15,0.0,0.0,0,0.12111111111111111,0,20516,1038,263,0,0.0,zone_width|low|10.0
broker,16,4,1.0,0.05,6.0,60.0,fifo,False,False,local,59.5,29.5,30.0,0.9833333333333333,1.0,0.5057638888888889,483.8487394957983,1.69958158995816,10.829999999999998,1.4250000000000012,1.976470588235295,1.0,1.0,12.378787878787879,11,0.5,0.0,0,0.11652777777777777,0,20442,1049,261,0,0.0,zone_width|low|10.0
broker,17,4,1.0,0.05,6.0,60.0,fifo,False,False,local,60.0,30.0,30.0,1.0,1.0,0.5005555555555555,485.66101694915255,1.5802521008403372,10.8,1.3991525423728823,1.7583333333333344,1.0,1.0,11.93859649122807,19,1.5,0.0,0,0.12013888888888889,0,20508,1011,261,0,0.0,zone_width|low|10.0
broker,18,4,1.0,0.05,6.0,60.0,fifo,False,False,local,60.5,30.0,30.5,0.9836065573770492,1.0,0.5145833333333334,480.875,1.5439834024896277,8.8,1.3583333333333345,1.7280991735537201,1.0,1.0,12.015151515151516,11,0.5,0.0,0,0.11763888888888889,0,20501,1006,264,0,0.0,zone_width|low|10.0
broker,19,4,1.0,0.05,6.0,60.0,fifo,False,False,local,59.5,29.5,30.0,0.9833333333333333,1.0,0.4974305555555556,484.39495798319325,2.0426778242677837,10.8,1.950000000000001,2.1361344537815135,1.0,1.0,11.547619047619047,14,0.5,0.0,0,0.12361111111111112,0,20660,1016,263,0,0.0,zone_width|low|10.0
broker,20,4,1.0,0.05,6.0,60.0,fifo,False,False,local,60.0,30.0,30.0,1.0,1.0,0.5058333333333334,483.09166666666664,1.8460251046025116,10.8,1.7159663865546229,1.975000000000001,1.0,1.0,11.458333333333334,8,0.0,0.0,0,0.11888888888888889,0,20444,986,261,0,0.0,zone_width|low|10.0
broker,1,4,1.0,0.05,6.0,60.0,fifo,False,False,local,58.5,29.5,29.0,0.9830508474576272,1.0,0.4982638888888889,486.26271186440675,2.9421940928270054,16.99999999999999,3.4838983050847467,2.405042016806724,1.0,1.0,13.090909090909092,11,1.0,0.0,0,0.23125,0,22465,1169,261,0,0.0,zone_width|high|30.0
broker,2,4,1.0,0.05,6.0,60.0,fifo,False,False,local,60.5,30.0,30.5,0.9836065573770492,1.0,0.5035416666666667,477.0495867768595,3.4556016597510384,16.8,3.541666666666668,3.3702479338842988,1.0,1.0,12.538461538461538,13,1.0,0.0,0,0.24375,0,22579,1102,264,0,0.0,zone_width|high|30.0
broker,3,4,1.0,0.05,6.0,60.0,fifo,False,False,local,59.0,29.5,29.5,1.0,1.0,0.49506944444444445,490.85470085470087,3.0196581196581205,15.100000000000001,2.677777777777779,3.3615384615384625,1.0344827586206897,1.0,13.153846153846153,13,0.5,0.0,0,0.23291666666666666,0,22200,1140,259,0,0.0,zone_width|high|30.0
broker,4,4,1.0,0.05,6.0,60.0,fifo,False,False,local,58.5,29.5,29.0,0.9830508474576272,1.0,0.49201388888888886,493.0683760683761,3.5347457627118657,17.05,3.346218487394959,3.7264957264957275,1.0,1.0,15.416666666666666,12,1.0,0.0,0,0.23930555555555555,0,22249,1108,258,0,0.0,zone_width|high|30.0
broker,5,4,1.0,0.05,6.0,60.0,fifo,False,False,local,59.5,30.5,29.0,0.9508196721311475,1.0,0.503125,485.8655462184874,3.353361344537816,16.8,2.490983606557378,4.260344827586208,1.0,1.0,15.083333333333334,12,1.0,0.0,0,0.24041666666666667,0,22480,1097,262,0,0.0,zone_width|high|30.0
broker,6,4,1.0,0.05,6.0,60.0,fifo,False,False,local,59.5,30.0,29.5,0.9833333333333333,1.0,0.5040972222222222,484.02521008403363,3.0308016877637143,16.8,3.1445378151260517,2.9161016949152554,1.0,1.0,14.071428571428571,14,2.5,0.0,0,0.23430555555555554,0,22475,1139,263,0,0.0,zone_width|high|30.0
broker,7,4,1.0,0.05,6.0,60.0,fifo,False,False,local,58.5,29.5,29.0,0.9830508474576272,1.0,0.48812500000000003,488.3613445378151,3.390677966101696,18.05,3.2889830508474587,3.492372881355933,1.0,1.0,15.0,11,0.5,0.0,0,0.23583333333333334,0,22217,1112,258,0,0.0,zone_width|high|30.0
broker,8,4,1.0,0.05,6.0,60.0,fifo,False,False,local,58.0,29.0,29.0,1.0,1.0,0.48416666666666663,491.9316239316239,3.6307692307692316,18.8,3.3102564102564114,3.9512820512820523,1.0,1.0,14.375,8,0.5,0.0,0,0.23319444444444445,0,22342,1078,258,0,0.0,zone_width|high|30.0
broker,9,4,1.0,0.05,6.0,60.0,fifo,False,False,local,60.5,31.5,29.0,0.9206349206349206,1.0,0.5159722222222222,476.73553719008265,3.3897119341563795,16.8,3.1007936507936518,3.700854700854702,1.0,1.0,16.2,15,2.0,0.0,0,0.24625,0,22719,1138,266,0,0.0,zone_width|high|30.0
broker,10,4,1.0,0.05,6.0,60.0,fifo,False,False,local,59.0,30.0,29.0,0.9666666666666667,1.0,0.4895833333333333,488.15384615384613,3.3725738396624485,17.199999999999978,3.3882352941176483,3.35677966101695,1.0,1.0,11.5,14,1.0,0.0,0,0.23680555555555555,0,22367,1126,260,0,0.0,zone_width|high|30.0
broker,11,4,1.0,0.05,6.0,60.0,fifo,False,False,local,59.5,30.0,29.5,0.9833333333333333,1.0,0.5057638888888889,482.76666666666665,3.2483193277310933,15.844999999999994,2.6083333333333343,3.8991525423728826,1.0,1.1666666666666667,17.857142857142858,7,0.5,0.0,0,0.23277777777777778,0,22406,1115,262,0,0.0,zone_width|high|30.0
broker,12,4,1.0,0.05,6.0,60.0,fifo,False,False,local,61.0,30.0,31.0,0.967741935483871,1.0,0.5140972222222222,471.77685950413223,2.9950819672131157,15.694999999999997,2.8844262295081977,3.1057377049180337,1.0,1.0,18.076923076923077,13,1.0,0.0,0,0.24041666666666667,0,22784,1121,269,0,0.0,zone_width|high|30.0
broker,13,4,1.0,0.05,6.0,60.0,fifo,False,False,local,61.5,30.0,31.5,0.9523809523809523,0.9993055555555556,0.5085416666666667,467.2113821138211,3.6214574898785434,16.589999999999993,3.0892561983471083,4.132539682539684,1.0,1.064516129032258,11.555555555555555,9,1.0,0.0,0,0.25083333333333335,0,22941,1164,270,0,0.0,zone_width|high|30.0
broker,14,4,1.0,0.05,6.0,60.0,fifo,False,False,local,58.0,29.5,28.5,0.9661016949152542,1.0,0.4959027777777778,492.1186440677966,3.8090128755364816,19.8,4.085714285714287,3.520175438596492,1.0,1.0,12.307692307692308,13,1.5,0.0,0,0.2363888888888889,0,22337,1143,257,0,0.0,zone_width|high|30.0
broker,15,4,1.0,0.05,6.0,60.0,fifo,False,False,local,60.5,30.0,30.5,0.9836065573770492,1.0,0.5115972222222223,480.93277310924367,3.617916666666668,17.8,3.8588235294117657,3.380991735537191,1.0,1.0,15.533333333333333,15,0.5,0.0,0,0.24666666666666667,0,22591,1130,263,0,0.0,zone_width|high|30.0
broker,16,4,1.0,0.05,6.0,60.0,fifo,False,False,local,59.5,29.5,30.0,0.9833333333333333,1.0,0.5058333333333334,483.8487394957983,3.168200836820085,15.829999999999998,3.2666666666666675,3.068907563025211,1.0,1.0,15.272727272727273,11,0.5,0.0,0,0.23458333333333334,0,22374,1152,261,0,0.0,zone_width|high|30.0
broker,17,4,1.0,0.05,6.0,60.0,fifo,False,False,local,60.0,30.0,30.0,1.0,1.0,0.5005555555555555,485.66101694915255,2.7525210084033622,16.204999999999984,2.61949152542373,2.883333333333334,1.0,1.0,13.526315789473685,19,1.0,0.0,0,0.2376388888888889,0,22333,1083,261,0,0.0,zone_width|high|30.0
broker,18,4,1.0,0.05,6.0,60.0,fifo,False,False,local,60.5,30.0,30.5,0.9836065573770492,1.0,0.5149305555555556,480.875,2.813750000000001,15.149999999999984,2.8756302521008412,2.7528925619834723,1.0,1.0,12.636363636363637,11,1.5,0.0,0,0.235,0,22414,1082,263,0,0.0,zone_width|high|30.0
broker,19,4,1.0,0.05,6.0,60.0,fifo,False,False,local,59.5,29.5,30.0,0.9833333333333333,1.0,0.4972916666666667,484.39495798319325,3.327196652719666,17.8,3.0916666666666677,3.5647058823529423,1.0,1.0,12.928571428571429,14,1.0,0.0,0,0.24166666666666667,0,22607,1103,263,0,0.0,zone_width|high|30.0
broker,20,4,1.0,0.05,6.0,60.0,fifo,False,False,local,60.0,30.0,30.0,1.0,1.0,0.5059027777777778,483.09166666666664,3.6744769874477,17.8,4.169747899159665,3.1833333333333345,1.0,1.0,13.25,8,0.0,0.0,0,0.23847222222222222,0,22496,1097,261,0,0.0,zone_width|high|30.0
broker,1,4,1.0,0.05,6.0,60.0,fifo,False,False,local,58.5,29.5,29.0,0.9830508474576272,1.0,0.4990972222222222,486.26271186440675,2.279746835443039,14.699999999999978,2.8016949152542385,1.762184873949581,1.0,1.0,9.962121212121211,11,0.5,0.0,0,0.17625,0,21377,1116,261,0,0.0,human_decision_delay|low|1.5
broker,2,4,1.0,0.05,6.0,60.0,fifo,False,False,local,60.5,30.0,30.5,0.9836065573770492,1.0,0.5035416666666667,477.0495867768595,2.29585062240664,14.3,2.1083333333333343,2.481818181818183,1.0,1.0,10.262820512820513,13,1.0,0.0,0,0.17958333333333334,0,21352,1040,264,0,0.0,human_decision_delay|low|1.5
broker,3,4,1.0,0.05,6.0,60.0,fifo,False,False,local,59.0,29.5,29.5,1.0,1.0,0.49506944444444445,490.85470085470087,2.083760683760685,13.17,1.9598290598290609,2.2076923076923087,1.0344827586206897,1.0,10.262820512820513,13,0.5,0.0,0,0.17333333333333334,0,21065,1089,259,0,0.0,human_decision_delay|low|1.5
broker,4,4,1.0,0.05,6.0,60.0,fifo,False,False,local,58.5,29.5,29.0,0.9830508474576272,1.0,0.49201388888888886,493.0683760683761,2.502553191489363,13.3,2.2847457627118657,2.722222222222223,1.0,1.0,12.249999999999998,12,1.5,0.0,0,0.18041666666666667,0,21091,1048,258,0,0.0,human_decision_delay|low|1.5
broker,5,4,1.0,0.05,6.0,60.0,fifo,False,False,local,59.5,30.5,29.0,0.9508196721311475,1.0,0.5029166666666667,485.8655462184874,2.2126050420168077,14.100000000000001,1.6180327868852469,2.8379310344827595,1.0,1.0,12.249999999999998,12,1.0,0.0,0,0.1786111111111111,0,21236,1041,262,0,0.0,human_decision_delay|low|1.5
broker,6,4,1.0,0.05,6.0,60.0,fifo,False,False,local,59.5,30.0,29.5,0.9833333333333333,1.0,0.5040972222222222,484.02521008403363,2.0308016877637143,14.3,1.8798319327731103,2.1830508474576282,1.0,1.0,10.916666666666666,14,1.0,0.0,0,0.17458333333333334,0,21291,1072,263,0,0.0,human_decision_delay|low|1.5
broker,7,4,1.0,0.05,6.0,60.0,fifo,False,False,local,58.5,29.5,29.0,0.9830508474576272,1.0,0.48833333333333334,488.3613445378151,2.23813559322034,13.55,1.9627118644067807,2.5135593220338994,1.0,1.0,12.598484848484848,11,0.5,0.0,0,0.17583333333333334,0,21012,1051,258,0,0.0,human_decision_delay|low|1.5
broker,8,4,1.0,0.05,6.0,60.0,fifo,False,False,local,58.5,29.5,29.0,0.9830508474576272,1.0,0.4842361111111111,491.9316239316239,2.5965811965811976,16.649999999999995,2.412820512820514,2.7803418803418816,1.0,1.0,14.541666666666666,8,0.5,0.0,0,0.17666666666666667,0,21180,1021,258,0,0.0,human_decision_delay|low|1.5
broker,9,4,1.0,0.05,6.0,60.0,fifo,False,False,local,60.5,31.5,29.0,0.9206349206349206,1.0,0.5161805555555556,476.73553719008265,2.525514403292182,14.3,2.3507936507936518,2.7136752136752147,1.0,1.0,11.149999999999999,15,2.0,0.0,0,0.18597222222222223,0,21584,1085,266,0,0.0,human_decision_delay|low|1.5
broker,10,4,1.0,0.05,6.0,60.0,fifo,False,False,local,59.0,30.0,29.0,0.9666666666666667,1.0,0.4895833333333333,488.15384615384613,2.4147679324894527,14.139999999999999,2.4596638655462195,2.36949152542373,1.0,1.0,11.63095238095238,14,0.5,0.0,0,0.1802777777777778,0,21214,1065,260,0,0.0,human_decision_delay|low|1.5
broker,11,4,1.0,0.05,6.0,60.0,fifo,False,False,local,59.5,30.0,29.5,0.9833333333333333,1.0,0.5057638888888889,482.76666666666665,2.376470588235295,13.3,1.8916666666666677,2.86949152542373,1.0,1.1666666666666667,14.845238095238095,7,1.5,0.0,0,0.17722222222222223,0,21287,1063,262,0,0.0,human_decision_delay|low|1.5
broker,12,4,1.0,0.05,6.0,60.0,fifo,False,False,local,61.0,30.0,31.0,0.967741935483871,1.0,0.5140972222222222,471.77685950413223,2.0524590163934437,12.949999999999996,2.1262295081967224,1.978688524590165,1.0,1.0,14.57051282051282,13,0.5,0.0,0,0.1802777777777778,0,21600,1051,269,0,0.0,human_decision_delay|low|1.5
broker,13,4,1.0,0.05,6.0,60.0,fifo,False,False,local,61.5,30.0,31.5,0.9523809523809523,1.0,0.5092361111111111,466.8861788617886,2.4352226720647785,14.239999999999998,2.300000000000001,2.565079365079366,1.0,1.0634920634920635,10.972222222222221,9,0.0,0.0,0,0.18611111111111112,0,21652,1104,270,0,0.0,human_decision_delay|low|1.5
broker,14,4,1.0,0.05,6.0,60.0,fifo,False,False,local,58.0,29.5,28.5,0.9661016949152542,1.0,0.49604166666666666,492.1186440677966,2.7489270386266105,16.179999999999996,2.543697478991598,2.963157894736843,1.0,1.0,10.724358974358974,13,1.5,0.0,0,0.17833333333333334,0,21171,1087,257,0,0.0,human_decision_delay|low|1.5
broker,15,4,1.0,0.05,6.0,60.0,fifo,False,False,local,60.5,30.0,30.5,0.9836065573770492,1.0,0.5115972222222223,480.93277310924367,2.4408333333333343,14.339999999999987,2.5100840336134462,2.372727272727274,1.0,1.0,13.016666666666666,15,0.5,0.0,0,0.18458333333333332,0,21362,1076,263,0,0.0,human_decision_delay|low|1.5
broker,16,4,1.0,0.05,6.0,60.0,fifo,False,False,local,59.5,29.5,30.0,0.9833333333333333,1.0,0.5058333333333334,483.8487394957983,2.295815899581591,14.100000000000001,1.825000000000001,2.770588235294119,1.0,1.0,10.68939393939394,11,1.5,0.0,0,0.17597222222222222,0,21243,1092,261,0,0.0,human_decision_delay|low|1.5
broker,17,4,1.0,0.05,6.0,60.0,fifo,False,False,local,60.0,30.0,30.0,1.0,1.0,0.5005555555555555,485.66101694915255,1.8806722689075641,13.129999999999997,1.700000000000001,2.0583333333333345,1.0,1.0,12.469298245614034,19,1.5,0.0,0,0.1776388888888889,0,21191,1043,261,0,0.0,human_decision_delay|low|1.5
broker,18,4,1.0,0.05,6.0,60.0,fifo,False,False,local,60.5,30.0,30.5,0.9836065573770492,1.0,0.5146527777777778,480.875,1.9366666666666676,12.149999999999984,1.6865546218487406,2.1826446280991747,1.0,1.0,11.507575757575756,11,0.5,0.0,0,0.1776388888888889,0,21249,1042,263,0,0.0,human_decision_delay|low|1.5
broker,19,4,1.0,0.05,6.0,60.0,fifo,False,False,local,59.5,29.5,30.0,0.9833333333333333,1.0,0.4974305555555556,484.39495798319325,2.5426778242677837,15.219999999999995,2.325000000000001,2.762184873949581,1.0,1.0,10.702380952380953,14,1.0,0.0,0,0.18388888888888888,0,21481,1051,263,0,0.0,human_decision_delay|low|1.5
broker,20,4,1.0,0.05,6.0,60.0,fifo,False,False,local,60.0,30.0,30.0,1.0,1.0,0.5058333333333334,483.09166666666664,2.5677824267782436,14.120000000000001,2.762184873949581,2.375000000000001,1.0,1.0,11.166666666666666,8,0.0,0.0,0,0.17972222222222223,0,21297,1030,261,0,0.0,human_decision_delay|low|1.5
broker,1,4,1.0,0.05,6.0,60.0,fifo,False,False,local,58.5,29.5,29.0,0.9830508474576272,1.0,0.4990972222222222,486.26271186440675,2.2459915611814356,14.699999999999978,2.7338983050847467,1.762184873949581,1.0,1.0,14.507575757575756,11,1.0,0.0,0,0.17569444444444443,0,21356,1115,261,0,0.0,human_decision_delay|high|6.0
broker,2,4,1.0,0.05,6.0,60.0,fifo,False,False,local,60.5,30.0,30.5,0.9836065573770492,1.0,0.5035416666666667,477.0495867768595,2.436929460580914,14.3,2.3333333333333344,2.5396694214876043,1.0,1.0,13.647435897435896,13,1.5,0.0,0,0.1815277777777778,0,21409,1045,264,0,0.0,human_decision_delay|high|6.0
broker,3,4,1.0,0.05,6.0,60.0,fifo,False,False,local,59.0,29.5,29.5,1.0,1.0,0.49506944444444445,490.85470085470087,2.0666666666666678,11.99999999999999,1.9854700854700866,2.147863247863249,1.0344827586206897,1.0,15.493589743589743,13,1.5,0.0,0,0.1725,0,21063,1089,259,0,0.0,human_decision_delay|high|6.0
broker,4,4,1.0,0.05,6.0,60.0,fifo,False,False,local,58.5,29.5,29.0,0.9830508474576272,1.0,0.49201388888888886,493.0683760683761,2.4940425531914903,13.539999999999987,2.242372881355933,2.7478632478632488,1.0,1.0,15.416666666666666,12,0.0,0.0,0,0.18041666666666667,0,21087,1048,258,0,0.0,human_decision_delay|high|6.0
broker,5,4,1.0,0.05,6.0,60.0,fifo,False,False,local,59.5,30.5,29.0,0.9508196721311475,1.0,0.5029166666666667,485.8655462184874,2.200000000000001,14.100000000000001,1.5934426229508207,2.8379310344827595,1.0,1.0,16.5,12,0.0,0.0,0,0.1786111111111111,0,21234,1041,262,0,0.0,human_decision_delay|high|6.0
broker,6,4,1.0,0.05,6.0,60.0,fifo,False,False,local,59.5,30.0,29.5,0.9833333333333333,1.0,0.5040972222222222,484.02521008403363,2.0434599156118156,14.459999999999992,1.8630252100840348,2.2254237288135603,1.0,1.0,15.845238095238095,14,1.5,0.0,0,0.17458333333333334,0,21291,1072,263,0,0.0,human_decision_delay|high|6.0
broker,7,4,1.0,0.05,6.0,60.0,fifo,False,False,local,58.5,29.5,29.0,0.9830508474576272,1.0,0.48833333333333334,488.3613445378151,2.2211864406779673,13.3,1.9542372881355943,2.48813559322034,1.0,1.0,15.325757575757574,11,1.0,0.0,0,0.17625,0,21010,1051,258,0,0.0,human_decision_delay|high|6.0
broker,8,4,1.0,0.05,6.0,60.0,fifo,False,False,local,58.5,29.5,29.0,0.9830508474576272,1.0,0.4842361111111111,491.9316239316239,2.5965811965811976,16.649999999999995,2.412820512820514,2.7803418803418816,1.0,1.0,17.291666666666664,8,0.5,0.0,0,0.17652777777777778,0,21180,1021,258,0,0.0,human_decision_delay|high|6.0
broker,9,4,1.0,0.05,6.0,60.0,fifo,False,False,local,60.5,31.5,29.0,0.9206349206349206,1.0,0.5161805555555556,476.73553719008265,2.611934156378602,14.3,2.2793650793650806,2.970085470085471,1.0,1.0,15.549999999999999,15,1.0,0.0,0,0.18652777777777776,0,21619,1088,266,0,0.0,human_decision_delay|high|6.0
broker,10,4,1.0,0.05,6.0,60.0,fifo,False,False,local,59.0,30.0,29.0,0.9666666666666667,1.0,0.4895833333333333,488.15384615384613,2.3810126582278492,14.139999999999999,2.4680672268907573,2.2932203389830517,1.0,1.0,16.845238095238095,14,1.0,0.0,0,0.1802777777777778,0,21194,1063,260,0,0.0,human_decision_delay|high|6.0
broker,11,4,1.0,0.05,6.0,60.0,fifo,False,False,local,59.5,30.0,29.5,0.9833333333333333,1.0,0.5057638888888889,482.76666666666665,2.376470588235295,13.3,1.9333333333333345,2.827118644067798,1.0,1.1666666666666667,15.845238095238095,7,1.5,0.0,0,0.1775,0,21287,1063,262,0,0.0,human_decision_delay|high|6.0
broker,12,4,1.0,0.05,6.0,60.0,fifo,False,False,local,61.0,30.0,31.0,0.967741935483871,1.0,0.5140972222222222,471.77685950413223,2.0360655737704927,12.949999999999996,2.118032786885247,1.9540983606557387,1.0,1.0,18.108974358974358,13,0.5,0.0,0,0.18013888888888888,0,21589,1051,269,0,0.0,human_decision_delay|high|6.0
broker,13,4,1.0,0.05,6.0,60.0,fifo,False,False,local,61.5,30.0,31.5,0.9523809523809523,1.0,0.5093749999999999,466.8861788617886,2.431174089068827,14.239999999999998,2.266942148760332,2.58888888888889,1.0,1.0634920634920635,13.75,9,1.0,0.0,0,0.18583333333333332,0,21662,1104,270,0,0.0,human_decision_delay|high|6.0
broker,14,4,1.0,0.05,6.0,60.0,fifo,False,False,local,58.0,29.5,28.5,0.9661016949152542,1.0,0.49604166666666666,492.1186440677966,2.740343347639486,16.3,2.484873949579833,3.00701754385965,1.0,1.0,18.03205128205128,13,0.0,0.0,0,0.17791666666666667,0,21157,1087,257,0,0.0,human_decision_delay|high|6.0
broker,15,4,1.0,0.05,6.0,60.0,fifo,False,False,local,60.5,30.0,30.5,0.9836065573770492,1.0,0.5115972222222223,480.93277310924367,2.411666666666668,14.3,2.476470588235295,2.3479338842975217,1.0,1.0,15.283333333333331,15,1.0,0.0,0,0.18347222222222223,0,21345,1076,263,0,0.0,human_decision_delay|high|6.0
broker,16,4,1.0,0.05,6.0,60.0,fifo,False,False,local,59.5,29.5,30.0,0.9833333333333333,1.0,0.5058333333333334,483.8487394957983,2.2665271966527207,13.3,1.7583333333333344,2.7789915966386567,1.0,1.0,14.416666666666666,11,1.0,0.0,0,0.17625,0,21241,1091,261,0,0.0,human_decision_delay|high|6.0
broker,17,4,1.0,0.05,6.0,60.0,fifo,False,False,local,60.0,30.0,30.0,1.0,1.0,0.5005555555555555,485.66101694915255,1.8680672268907574,13.129999999999997,1.6661016949152554,2.0666666666666678,1.0,1.0,19.469298245614034,19,1.0,0.0,0,0.1776388888888889,0,21188,1043,261,0,0.0,human_decision_delay|high|6.0
broker,18,4,1.0,0.05,6.0,60.0,fifo,False,False,local,60.5,30.0,30.5,0.9836065573770492,1.0,0.5146527777777778,480.875,1.9450000000000012,12.149999999999984,1.7033613445378162,2.1826446280991747,1.0,1.0,14.234848484848484,11,0.5,0.0,0,0.1776388888888889,0,21258,1042,263,0,0.0,human_decision_delay|high|6.0
broker,19,4,1.0,0.05,6.0,60.0,fifo,False,False,local,59.5,29.5,30.0,0.9833333333333333,1.0,0.4974305555555556,484.39495798319325,2.5259414225941432,14.3,2.2166666666666677,2.837815126050421,1.0,1.0,14.273809523809524,14,1.0,0.0,0,0.1836111111111111,0,21482,1051,263,0,0.0,human_decision_delay|high|6.0
broker,20,4,1.0,0.05,6.0,60.0,fifo,False,False,local,60.0,30.0,30.0,1.0,1.0,0.5058333333333334,483.09166666666664,2.5426778242677837,14.120000000000001,2.7285714285714295,2.3583333333333343,1.0,1.0,14.166666666666666,8,0.0,0.0,0,0.1798611111111111,0,21277,1028,261,0,0.0,human_decision_delay|high|6.0
